State,Region,02/01/2019,03/01/2019,04/01/2019,05/01/2019,06/01/2019,07/01/2019,08/01/2019,09/01/2019,10/01/2019,11/01/2019,12/01/2019,13/01/2019,14/01/2019,15/01/2019,16/01/2019,17/01/2019,18/01/2019,19/01/2019,20/01/2019,21/01/2019,22/01/2019,23/01/2019,24/01/2019,25/01/2019,26/01/2019,27/01/2019,28/01/2019,29/01/2019,30/01/2019,31/01/2019,02/02/2019,03/02/2019,04/02/2019,05/02/2019,06/02/2019,07/02/2019,08/02/2019,09/02/2019,10/02/2019,11/02/2019,12/02/2019,13/02/2019,14/02/2019,15/02/2019,16/02/2019,17/02/2019,18/02/2019,19/02/2019,20/02/2019,21/02/2019,22/02/2019,23/02/2019,24/02/2019,25/02/2019,26/02/2019,27/02/2019,28/02/2019,02/03/2019,03/03/2019,04/03/2019,05/03/2019,06/03/2019,07/03/2019,08/03/2019,09/03/2019,10/03/2019,11/03/2019,12/03/2019,13/03/2019,14/03/2019,15/03/2019,16/03/2019,17/03/2019,18/03/2019,19/03/2019,20/03/2019,21/03/2019,22/03/2019,23/03/2019,24/03/2019,25/03/2019,26/03/2019,27/03/2019,28/03/2019,29/03/2019,30/03/2019,31/03/2019,02/04/2019,03/04/2019,04/04/2019,05/04/2019,06/04/2019,07/04/2019,08/04/2019,09/04/2019,10/04/2019,11/04/2019,12/04/2019,13/04/2019,14/04/2019,15/04/2019,16/04/2019,17/04/2019,18/04/2019,19/04/2019,20/04/2019,21/04/2019,22/04/2019,23/04/2019,24/04/2019,25/04/2019,26/04/2019,27/04/2019,28/04/2019,29/04/2019,30/04/2019,02/05/2019,03/05/2019,04/05/2019,05/05/2019,06/05/2019,07/05/2019,08/05/2019,09/05/2019,10/05/2019,11/05/2019,12/05/2019,13/05/2019,14/05/2019,15/05/2019,16/05/2019,17/05/2019,18/05/2019,19/05/2019,20/05/2019,21/05/2019,22/05/2019,23/05/2019,24/05/2019,25/05/2019,26/05/2019,27/05/2019,28/05/2019,29/05/2019,30/05/2019,31/05/2019,02/06/2019,03/06/2019,04/06/2019,05/06/2019,06/06/2019,07/06/2019,08/06/2019,09/06/2019,10/06/2019,11/06/2019,12/06/2019,13/06/2019,14/06/2019,15/06/2019,16/06/2019,17/06/2019,18/06/2019,19/06/2019,20/06/2019,21/06/2019,22/06/2019,23/06/2019,24/06/2019,25/06/2019,26/06/2019,27/06/2019,28/06/2019,29/06/2019,30/06/2019,01/07/2019,02/07/2019,03/07/2019,04/07/2019,05/07/2019,06/07/2019,07/07/2019,08/07/2019,08/07/2019,09/07/2019,09/07/2019,10/07/2019,10/07/2019,11/07/2019,11/07/2019,12/07/2019,12/07/2019,13/07/2019,14/07/2019,15/07/2019,16/07/2019,17/07/2019,18/07/2019,19/07/2019,20/07/2019,21/07/2019,22/07/2019,23/07/2019,24/07/2019,25/07/2019,26/07/2019,27/07/2019,28/07/2019,29/07/2019,30/07/2019,31/07/2019,01/08/2019,02/08/2019,03/08/2019,04/08/2019,05/08/2019,06/08/2019,08/08/2019,09/08/2019,10/08/2019,11/08/2019,12/08/2019,13/08/2019,14/08/2019,15/08/2019,16/08/2019,17/08/2019,18/08/2019,19/08/2019,20/08/2019,21/08/2019,22/08/2019,23/08/2019,24/08/2019,25/08/2019,26/08/2019,27/08/2019,28/08/2019,29/08/2019,30/08/2019,31/08/2019,01/09/2019,02/09/2019,03/09/2019,04/09/2019,05/09/2019,06/09/2019,08/09/2019,09/09/2019,10/09/2019,11/09/2019,12/09/2019,13/09/2019,14/09/2019,15/09/2019,16/09/2019,17/09/2019,18/09/2019,19/09/2019,20/09/2019,21/09/2019,22/09/2019,23/09/2019,24/09/2019,25/09/2019,26/09/2019,27/09/2019,28/09/2019,29/09/2019,30/09/2019,01/10/2019,02/10/2019,03/10/2019,04/10/2019,05/10/2019,06/10/2019,08/10/2019,09/10/2019,10/10/2019,11/10/2019,12/10/2019,13/10/2019,14/10/2019,15/10/2019,16/10/2019,17/10/2019,18/10/2019,19/10/2019,20/10/2019,21/10/2019,22/10/2019,23/10/2019,24/10/2019,25/10/2019,26/10/2019,27/10/2019,28/10/2019,29/10/2019,30/10/2019,31/10/2019,01/11/2019,02/11/2019,03/11/2019,04/11/2019,05/11/2019,06/11/2019,08/11/2019,09/11/2019,10/11/2019,11/11/2019,12/11/2019,13/11/2019,14/11/2019,15/11/2019,16/11/2019,17/11/2019,18/11/2019,19/11/2019,20/11/2019,21/11/2019,22/11/2019,23/11/2019,24/11/2019,25/11/2019,26/11/2019,27/11/2019,28/11/2019,29/11/2019,30/11/2019,01/12/2019,02/12/2019,03/12/2019,04/12/2019,05/12/2019,06/12/2019,08/12/2019,09/12/2019,10/12/2019,11/12/2019,12/12/2019,13/12/2019,14/12/2019,15/12/2019,16/12/2019,17/12/2019,18/12/2019,19/12/2019,20/12/2019,21/12/2019,22/12/2019,23/12/2019,24/12/2019,25/12/2019,26/12/2019,27/12/2019,28/12/2019,29/12/2019,30/12/2019,31/12/2019,01/01/2020,02/01/2020,03/01/2020,04/01/2020,05/01/2020,13/01/2020,14/01/2020,15/01/2020,16/01/2020,17/01/2020,18/01/2020,19/01/2020,20/01/2020,21/01/2020,22/01/2020,23/01/2020,24/01/2020,25/01/2020,26/01/2020,27/01/2020,28/01/2020,29/01/2020,30/01/2020,31/01/2020,01/02/2020,02/02/2020,03/02/2020,04/02/2020,05/02/2020,13/02/2020,14/02/2020,15/02/2020,16/02/2020,17/02/2020,18/02/2020,19/02/2020,20/02/2020,21/02/2020,22/02/2020,23/02/2020,24/02/2020,25/02/2020,26/02/2020,27/02/2020,28/02/2020,29/02/2020,01/03/2020,02/03/2020,03/03/2020,04/03/2020,05/03/2020,13/03/2020,14/03/2020,15/03/2020,16/03/2020,17/03/2020,18/03/2020,19/03/2020,20/03/2020,21/03/2020,22/03/2020,23/03/2020,24/03/2020,25/03/2020,26/03/2020,27/03/2020,28/03/2020,29/03/2020,30/03/2020,31/03/2020,01/04/2020,02/04/2020,03/04/2020,04/04/2020,05/04/2020,13/04/2020,14/04/2020,15/04/2020,16/04/2020,17/04/2020,18/04/2020,19/04/2020,20/04/2020,21/04/2020,22/04/2020,23/04/2020,24/04/2020,25/04/2020,26/04/2020,27/04/2020,28/04/2020,29/04/2020,30/04/2020,01/05/2020,02/05/2020,03/05/2020,04/05/2020,05/05/2020,13/05/2020,14/05/2020,15/05/2020,16/05/2020,17/05/2020,18/05/2020,19/05/2020,20/05/2020,21/05/2020,22/05/2020,23/05/2020,01/06/2020,02/06/2020,03/06/2020,04/06/2020,05/06/2020,01/07/2020,02/07/2020,03/07/2020,04/07/2020,05/07/2020,01/08/2020,02/08/2020,03/08/2020,04/08/2020,05/08/2020,01/09/2020,02/09/2020,03/09/2020,04/09/2020,05/09/2020,01/10/2020,02/10/2020,03/10/2020,04/10/2020,05/10/2020,01/11/2020,02/11/2020,03/11/2020,04/11/2020,05/11/2020,01/12/2020,02/12/2020,03/12/2020,04/12/2020,05/12/2020
Punjab,NR,119.9,121.9,118.8,121,121.4,118,107.5,132.5,131.5,130.3,137.9,135.8,139.3,141.1,231.9,253.8,236.4,229.8,195,207.1,218.9,136,132.5,134.3,135.9,141.2,144.5,139.6,60,62.7,63.6,63.5,68,72.1,70.5,92,105.8,110.1,112.4,111.3,108.5,98.8,104.6,109.7,112.8,110.7,109.5,106.7,101.5,155.9,166.3,175.9,183.6,188.8,186.4,186.9,107.5,102.9,104.2,106.9,111.2,111.6,106.1,245.8,256.7,265.3,266.5,257.9,260.3,233.4,87.5,81.5,89.6,96.5,103.4,109,109,101.7,100.3,98,99.4,102.8,101.4,92.9,118.3,123.5,126.9,129.8,131.5,130.8,121.4,101.8,100.3,101.6,101.6,106.8,105.9,93.1,249.8,250.6,274.1,269.4,282.7,281.5,286,121.8,124.8,124.9,121.8,113,96.9,97.8,112.8,118.6,121.2,123.3,120.9,122.1,113.8,213.9,220.3,222.9,219.3,197.7,165.1,122.6,245.9,253.7,264.8,229.6,220.4,206.3,210.9,122.1,129,108.6,126.4,132.7,133.3,126.3,86.3,74.7,69.6,63.1,66.9,57.6,56.1,113.4,119.7,124.5,125.7,122,117,90.7,102.8,92.4,105.3,104,105.3,95.3,97.9,146.2,158.9,169.5,161.7,139.4,142.4,150.2,105.1,106.5,111.2,111,112.9,114.3,99.3,163.9,192.4,209.5,221.9,239.1,245.6,239.4,77.9,75.3,68.5,81.2,83.7,91,91.6,100.8,100,105.3,104.4,106.3,102.7,98.9,124.5,130.5,124.2,115.1,114.6,119.6,117.9,96.6,96.3,101,97.9,102.1,102.4,98.4,232,206.1,246.5,228.4,242.1,263.8,259.3,135.7,142.3,143.6,145.4,160.4,168.2,171,130.8,129.7,120.4,110.3,105.7,118,114.3,103,105,109.4,107.5,114,114.7,111.3,238.1,239.6,243,224,225.2,227.9,216.8,95.3,96.5,102.4,103.9,105.6,105.7,166,133.7,147.9,177.2,192.9,206,211.6,118.1,95.9,100.7,98.6,104.6,112.8,108.5,146.2,151.2,141.5,138.5,118.8,118.9,110.9,108.1,116.9,118,120.1,119,114.9,109.1,156.3,151.4,153.8,151.1,137.9,136.9,134.9,96.1,105.4,111.4,112,111.6,110.4,104.6,256.1,229.1,233.8,220.4,226.5,176.1,124.2,78.2,82,88.1,84.5,85.4,83.3,67.8,99,98,102.6,104,101.8,101.3,93,106.3,110.6,111.8,107.5,111,116.5,116.9,101.4,105.8,104.8,102.9,105.3,103.6,98.7,203.3,210.1,185.6,228.6,256,240.2,237.6,110.1,116.2,114.1,123.5,115,121.2,129.8,130.1,129.2,134.2,131.3,131.4,132.6,126.9,110.7,114.1,110.8,97.8,94.7,103.7,97.2,237.2,251.9,255,264.6,259.7,259,248.8,92.2,69.5,78.1,91.1,92.5,96,89.2,291.7,268.9,262.6,244.6,234.5,215,174.4,119,126.8,125.9,126.3,126.1,123.5,114.7,148.4,133.1,148.4,154.6,155.3,152.6,140.8,108.1,112.7,113.5,113.8,115,112.8,107.4,150.1,156.9,169.9,168.9,152.1,152,162.4,108.2,112,112.6,113.5,113,111.8,103.6,284.4,271.4,270,291.7,268.9,262.6,244.6,73.9,75.8,69.6,72.4,74,75.9,77.7,106.4,106.4,106.7,95.3,99,101.7,94.2,99.2,102.9,107.7,112.8,114.1,111.7,112.3,102.8,105.2,105.8,92.4,100.2,104.3,97.3,181.3,162.6,186.4,198.8,186,190.3,188.4,88.2,91.2,100.5,105.4,112.9,121.1,129.2,113,120.2,120.5,123.8,126,127.2,121.6,100.2,102.1,107.9,112,114,113.8,108.5,235.3,242.9,246.2,214.3,219.2,228.4,224.1,111.2,116.5,114,101.7,91.6,97.3,93.8,290.1,282.1,300,289.9,284.4,271.4,270,124.3,124.4,130.8,129.4,132.1,132.1,120.4
Haryana,NR,130.3,133.5,128.2,127.5,132.6,132.1,121.4,148.2,157,145.3,151.9,141.4,143.8,142.9,180.5,196.4,193.9,201.8,192.3,182.9,178.2,150.5,154.7,155.2,143.2,138.9,148.6,141.8,66.5,68.1,66.7,66.8,71.3,70.3,71.2,96.2,105.6,116.2,119.5,122.5,117.4,104.3,118.9,125.6,129.1,126.4,125.1,127.3,118.2,165.3,173.6,179.3,185.9,189.1,188.4,182,123.5,116.3,123.1,124,125.6,124.7,116.3,186,204.4,217,214.8,214,218.3,194.6,87.9,86.6,93.4,102.4,108.4,114.4,112.5,114.5,114.2,108.2,100.3,109.9,108.5,97.7,117.7,123.4,124.6,126.3,129.4,127.6,113.9,117.4,117.4,117.2,117.2,123.7,111.9,95,197.7,209.8,219.4,219.1,219.7,224.5,211.8,120.5,124.7,124.8,123,123,108,94.5,125.5,131.1,132.1,134.5,133.6,133,124.6,179.6,186.1,185.6,184.2,179.5,169.3,143,194.3,211.3,208.1,183.2,177.2,157.8,153.9,128.2,138.6,141.7,144.5,146.7,143.3,132.9,93,92,85.9,76.7,74.7,65.9,64.8,125.5,132.4,137,137.9,134.7,124.8,104.3,115.2,97.9,118.9,118.3,113.7,107.2,103.7,158,167.3,171.5,164.4,147.7,156,151,126.4,129.6,130.3,129.6,131.6,130.9,116.7,157.5,176.4,187.7,189.8,200.7,195.7,175.1,86.6,86.1,84.4,89.7,92.4,94.2,96.6,111.4,115,114.6,116.7,116.3,114.6,105.6,123.4,127,121.7,98.4,109.1,114.1,113.6,115,116.6,116.2,113.4,118.2,119.6,110.4,169.4,140.6,172.2,179.9,189.3,197.7,196.1,128.2,135.5,134,139.8,142.4,154.5,158,138.4,142.3,138.8,127.1,107.8,115.6,112.1,114.3,119.2,120.7,122.4,125.4,124.1,115.8,212.7,209.7,208.4,200.4,200.8,196.3,169.5,105.7,111.5,115.1,116.2,117.4,115.1,175.3,157.5,147.1,148.6,171.8,177.1,171.5,127.4,95.5,98.7,106.5,114.3,116.2,110.9,155.4,157.7,157.5,156.1,145.9,142.9,137.5,126,131.7,132,131.3,132.4,129.5,118.6,152.5,152.1,150.7,151.4,143.5,137.8,141.2,120.7,123.2,127.7,125.3,125.3,126.1,115.6,206.9,204.7,192.2,170.6,177.7,150.9,125.4,79.7,83.4,88.5,91.5,91.8,89.2,83.5,107.9,114.1,113.3,114,114.4,110.5,101.8,118.8,122.5,125.2,115.7,118.4,122.6,114.9,118.1,123,122.9,111.5,116.5,118.4,107.4,194.8,199.8,176.2,185.3,203.2,201.3,165.9,101.3,110.5,115.6,121.8,113.6,120.4,128.5,131.9,136.6,137.8,136.9,136.8,136.2,129.1,118.4,122.1,121,111.3,95.7,110.4,101.7,214.1,220.1,223.2,222.6,224.4,218.5,200.9,89.9,69.1,77.1,92.6,100.7,103.4,95.8,214.9,207.9,210.1,214.6,212.3,207.1,192.3,116.7,126.8,129.4,131.2,127.1,126.3,116.6,147.8,135.6,148.9,155.6,158.2,157.5,146,123.5,131.5,131,129.9,131.2,130.2,116.6,156.6,165.3,169.2,170.7,162.2,162,158.8,125.7,124.7,120.2,126.5,129.7,128.5,114.1,205.8,210.4,199.5,214.9,207.9,210.1,214.6,74.2,75.8,73.2,70.3,73.8,76.7,79.3,115.6,118,119.6,112.8,114.7,114.3,102.6,107.6,116.5,121.2,125.1,125.6,124.3,116.8,123.4,126.5,125.3,129.7,115,120,111.6,189.3,184.2,189.4,185.1,183.5,187.4,179.9,89.5,91,108.2,106.9,109.1,120.2,126.3,123.6,128.5,131.6,131.6,133,131.6,122.9,109.1,115.8,118.6,119.4,121.6,120.5,109,204.6,215.7,217.8,208,209.3,209.1,198.2,110.4,119.5,114,97.2,87.6,99.1,93.2,228.1,223.9,237.2,208.2,205.8,210.4,199.5,117.9,124,126,127.3,129.7,128.4,111.2
Rajasthan,NR,234.1,240.2,239.8,239.1,240.4,241.9,237.2,197,199.9,187.7,189.9,186.9,195.2,185.4,175.3,197.2,209.8,197.6,197.6,189.7,191.9,227.2,231.6,232.4,229.6,226.9,222.4,223.8,131.8,141.4,141.3,145.1,147.7,149,148.9,175.3,188.1,201.3,209.7,210.8,205,202.4,232.8,236.7,237,235.2,236.6,234.3,232,248.1,257.9,256.2,250,255.7,261.6,260.2,238.4,240.6,240.9,240.9,243.6,243.7,242.5,229.7,232.4,221,217.3,212.7,214.6,203.9,164,165.4,180.1,188.8,190.9,198.4,206.6,216.7,214.5,218.6,213,212.3,213.3,210.3,209.5,216.3,215.4,214.8,222.9,220.4,217.5,232.4,228.8,222.5,222.5,231.3,223.6,212,240.6,242.9,248.5,249.5,254.7,255.7,246.4,242.6,244.8,245.1,245.7,246.2,236,230.1,232.5,232.8,235.6,232.7,235,234.6,231,225.8,228.5,225,226.6,222,210.8,197.9,242.2,251.4,256.8,219.3,218.3,198.7,159.3,205.5,216.8,221.1,226.7,226.5,228.3,224.7,178.7,171.9,171.4,161.2,127.9,105.8,123.5,203.1,202.6,200.6,202.3,204.3,197,185.3,225.2,208.1,227,224.8,219.2,221.5,221.8,226.8,230.7,233.6,240.3,234,238.8,239.8,234.2,240.4,238.7,238.6,237.6,245.5,231,180.9,196.9,215.6,222,231.7,237.9,229.1,171.8,154.1,163,171,167.2,170.6,168,208.2,211.8,214.7,215.5,218.7,220.6,215,220.5,218.3,211.7,187.8,199.1,208.2,211.1,217.7,232.5,231.1,233.4,235,235.3,231.4,235.1,223.7,208.5,224,228.2,241.8,240.1,220.8,225.6,231.8,230,233.5,237.2,244.1,247.1,250.9,250.6,246.9,248.9,247.3,236.3,217.9,222.5,223.2,227.8,234.8,233.4,227.9,243.9,245.4,245.5,240.5,242.4,237.8,222.2,205.6,213.6,215.2,216.8,210.3,202.4,256.5,264.3,261.6,245.1,240,244.3,240.5,205.8,159.2,146.4,168.3,178.1,187.2,190.4,206.5,211.2,213.1,215.5,213,208.4,202.2,231,237.6,240.9,244.1,241.1,242,239.6,215.5,212.5,221.5,211.8,192.2,194.9,211.2,226.5,226.8,233.3,225.9,228.1,230.2,228.2,211.5,214.5,207.5,171,156,147.3,163,159.5,162.7,168.6,170.4,169.7,169.2,170.4,212.4,214.4,215.3,196.9,194.3,200.5,203.7,222.7,230.4,225,219.4,218.2,220.9,215.3,233.3,236.5,236.6,227.5,230.5,233.4,227.8,269.8,278,265.9,244.4,257.8,257.9,223.1,205.2,204.7,203.2,203.5,215.1,219.7,225.2,243.3,248.1,249,249,248.1,249.3,245.5,222.6,228.8,229.9,211.8,202.2,211.4,212.7,232.7,246.5,253.5,253,247.4,243.3,237.1,198.2,173.4,170.6,193,206.4,209.3,205.8,218.1,225.8,239.7,242.6,249.6,252.4,247.6,197.5,211.3,215.1,215.6,210.6,216.6,213,182.5,184.7,193.7,197.7,201.4,202.7,202.3,239.9,242.1,243.4,238.3,244,234.2,233.9,223.1,230.6,239.3,242,241.7,227.1,205,240.7,242.6,239,231.5,243.4,237.6,240.4,220.9,218.1,201.3,218.1,225.8,239.7,242.6,146.2,149.5,148.6,150.1,150.6,155.5,158.3,212.7,215.9,218.6,207.9,210.7,215.6,211.3,225.1,225.9,226,233,228.5,227.1,217.2,229.6,239.7,234.3,226.4,234.3,229.4,227.8,261.8,268.1,271.3,270.4,275.2,271,264.9,187.7,171.6,185.3,178.8,192.5,208.7,214.8,245.1,249,250.3,251.7,249.7,247.4,243.3,210.4,217.5,220.4,222.7,225.4,223.2,219.8,203.2,212.6,225.5,225.7,228.7,224.7,219.8,236.5,244.7,225.9,215.6,153.3,193.9,201.1,247.9,237.5,242.7,237.3,220.9,218.1,201.3,213.8,216.6,220.4,218.4,205.6,207,201.4
Delhi,NR,85.8,85.5,83.5,79.2,76.6,71.1,69,89.2,92.8,79.5,92.6,89.4,82.2,77.8,111.8,115.6,117.9,121.9,121.7,112.2,108,109.3,111.9,114.2,112.7,105,100.5,96.4,41.8,43.1,42.9,44.9,43.8,43.5,44.1,60.3,63.2,68.4,67.6,69,64.8,61.2,71.8,71.7,72.7,71.6,71.3,69.2,67,111.8,114.9,121.6,128.1,131.6,132.2,132.7,69,72.1,71.8,71.1,73,68,67.3,111.7,121.6,128,132.7,132.6,129.7,113.9,57.8,51.2,58.4,63,66.1,69.6,68.3,62.5,63.5,62.6,62.4,63.5,60.4,57.2,61.7,64.3,65.9,67.4,71.8,73.9,69.1,61.4,64.1,66.1,66.1,65.4,63,60.2,123.2,126.1,135.1,135.2,133.5,136.7,136,63.9,63.6,63.8,62.5,63.8,60.3,57.9,74.2,76.9,76.9,79.2,82,80.4,78,98.5,99.3,102.4,102.6,100.9,94.6,84.7,116.6,129,130.4,115.2,109.3,100.7,98.9,91.9,99.3,106.7,111.4,109.7,103.2,98.7,46.1,48.7,46,46.1,44.1,44.4,42.4,78.4,75.9,74.2,75.9,76,69.1,60.8,67.9,67.7,70.8,70.4,72.5,58.6,63.7,102.8,110.8,114,114.5,105.5,109.2,99.9,77.7,75.9,76.6,75,76,71.4,60.3,103.8,110.9,117.8,115.7,117,110.1,102.1,57.8,59.9,56.8,58.6,59.9,59.5,62.2,61.5,62.6,63.6,63.4,64,60.4,58,61.6,61.7,60.1,46.1,54.4,57.9,58.2,64.2,65,65.3,65,65.6,61.1,59.2,114.8,99.3,106.4,112,122.7,118.5,121,75.7,78.7,81.3,82.3,84.8,91.7,95.2,62.6,64,65.1,63.6,64.3,60.7,59.4,67.6,70.2,70.2,73.2,74.8,70.7,70,124.6,125.1,121,113.9,113.4,108.1,94,59.2,60.2,60.7,60.6,63.4,59.1,118.5,108,91.6,100.6,108.6,111.1,105.6,97.2,89.2,73.7,74.4,75.2,78.7,79.2,85.8,86,88.3,87.9,86.4,80.7,75.3,68.9,72.2,72.3,72.2,73.9,66.2,64.6,110.5,106,102.7,101.8,100.9,88.4,89.8,74.9,74.9,75.4,76.4,77.3,73.3,71.7,115.5,117.8,113.9,98.7,107.7,99.2,89.1,52.4,56.4,60.8,62.8,63,65.2,62.1,63.2,59.9,62,63.2,60.6,60.4,58.5,61.2,61.4,62.2,61.4,64.2,59.4,57.5,66.8,67.1,66.5,67,68.5,64.9,61.6,136.7,139.1,135.2,136.1,134.7,130.7,117.9,69.4,67.7,71.8,73.1,72.2,72,73.3,68.5,69.5,68.8,66.8,66.8,62.6,61.1,62.8,62.9,65.4,64.8,66.8,63.8,62,128.5,126.9,134.9,137.2,132.6,125.3,116.2,58,45.6,53.3,58.8,61.1,58.3,54.9,130.2,113.4,127.8,135.5,137.8,132.5,125.5,85.6,86.9,91,94.4,94.8,90,85.5,82.5,73.1,82.8,83.2,84.9,82.5,80.2,71,68.7,71.1,71,71.4,67.7,65.4,106.7,110.7,114.5,117.1,117.5,110.5,99.6,73.8,74.5,74.7,77.5,79.7,72.7,69.3,126.4,122.3,119.6,130.2,113.4,127.8,135.5,44.3,45.8,47.6,46.1,47.5,48.4,50.1,66.3,66.4,67.6,65.5,64.9,61.4,59.6,62,63.2,63.8,63.3,64,59.8,58.1,69.1,69.4,69.1,68.7,70,65.8,63.1,135.5,131.8,131.2,134.4,129.2,129,123.8,64.8,61.2,65.8,68.5,65.7,71.8,75,70.7,69.8,71.7,70.7,73.4,62,72.1,60.8,62.5,62.6,63.5,65,62,59.3,122.8,129.2,130.3,128.7,128.5,122.2,116.7,61.5,62.8,63.9,62.9,64.4,59.9,58.2,145.2,147.1,145.3,139.2,126.4,122.3,119.6,72,75,77.3,81.3,85.6,83.9,83.6
UP,NR,313.9,311.8,320.7,299,286.8,294.2,289.4,258.6,284.2,281.4,298.6,310,319.5,326.7,399,412.5,426,437.9,428.3,407.9,417.1,395.8,410.9,408.7,373.4,341.6,393.3,365.3,220.4,220.8,234.8,241.2,246.2,241.2,241.3,260.1,262.8,268.2,273.2,276.9,281.4,268.8,261.4,264.7,272.5,272.5,268,270,264.3,428.2,435.6,444.4,469,445.2,438.9,439,281.2,270.4,271.8,271.2,282.1,276.9,276.8,362.8,405.5,429.1,430.6,431.3,439.7,409.2,235.1,222.1,249,276.4,287.7,268.6,287.1,260.8,258.2,258.4,238.2,236.2,240.5,232.6,291.7,279.4,297.6,308.6,317.9,320,292.2,261.4,259.6,241.9,241.9,268,258,230,383,407.9,416.9,435.1,446.8,452.6,445.1,259.9,250,257.7,250.6,274.9,247.3,215.8,280.7,276.6,277.3,293.2,304.8,297,308,326.9,328.4,335.1,301.8,276.3,261.3,244.4,422.1,428.8,406.8,372.2,357.5,359.1,364.1,342.3,362,380.7,387.1,387.1,364,358.7,240.8,247.4,241.6,239.9,238.9,217.3,219.4,296.7,290.5,286.8,286.7,302.9,287.8,290,259.4,231.2,242.7,259.8,246.2,239,249.1,412.7,413.5,428.3,442,398.2,406.1,414.7,281.2,283.7,283.2,270.6,283.9,284.6,282.3,379.4,388,379.5,372.6,400.1,368.5,341.6,280.3,268.3,260.2,283,284.4,293.6,296.3,264.6,268.3,266.3,266.6,265.9,260,255.2,289,297,295.8,274.1,268.5,267.7,279.9,256.7,257.1,261.5,263.7,263.8,265.3,263.6,405.1,384.1,394.1,389.6,425.1,398.6,382,361.1,367.1,370.6,383.2,382.7,402.6,417.5,289.7,292.4,291.2,279.7,234.2,247.1,250.7,243.5,253.5,263.3,266.5,271.7,267.8,266.1,405.3,393.2,351.9,350.6,375.3,378.5,316.7,232.8,240.9,249.9,256.7,263,255.7,353.6,331.6,363.8,390.3,407.1,415,418.2,351,284.6,251.5,269.9,301,315.6,320.3,324.6,326.3,330.1,327.3,323.6,316.5,299.3,282.8,295.3,291.3,293.4,294.9,293.8,280,399.9,405.6,401.4,404.7,394.2,364.1,400.3,296.5,289.5,284,253.9,260.9,279.8,271.3,449.7,420.6,393,379.2,377.1,370.6,353.2,271,282.3,290,289,293.3,290,280.4,269,267.4,268.7,276.1,277.4,272.1,257.1,276.5,280.6,283.1,271.5,278.8,289.1,288.7,256.7,257.5,267,246.1,236.4,246,250.5,449.6,461.2,403,430.6,453.9,450.6,413.3,251.6,217,278,312.5,322,339.7,350.6,290.4,295.5,288,282.1,273.9,278.7,286.6,244.7,249.2,253.4,239.8,186.8,229.9,234.2,421.3,437.4,424,426.5,393,390.4,393.1,230.7,223.1,205.3,214,207,213.3,214.4,368.4,325.6,318.3,313.4,339.7,363.5,370.5,316.2,331.6,340.6,345.6,347,347.1,340.1,322.2,311.2,325.9,332.7,329.4,323.1,316.4,274.4,289.2,289.2,292.5,293.3,291.9,285.5,380.9,395.5,408.6,419.6,432.3,424.5,414.8,294,292.3,269.2,276.6,295.1,288.3,288,403,364.9,377.9,368.4,325.6,318.3,313.4,236.8,241.4,249,248,252.4,260.3,265.9,274.4,270.5,272.9,265.5,265.7,270.7,260.4,247.7,252.8,258.1,262.7,269.8,267.3,273.1,268,274.7,259.3,221.2,231,248,252.2,412.6,444.2,471.8,431.1,381.6,433.9,443.4,282.8,280,260.8,269.3,257.6,300.3,316.6,283.5,287.4,290.9,292,295.5,295.4,286.3,240.5,239.9,245,250.4,249.4,248.3,242.3,425.6,434,414.1,439.6,435,430.1,423.8,250.8,257.1,250,230.3,209.5,218.8,232.1,454.3,441.3,433.9,441.2,403,364.9,377.9,311.1,320.1,322.8,331.4,336.7,334.6,287.3
Uttarakhand,NR,40.7,39.3,38.1,39.2,39.2,40.1,37,35.9,35.3,30.1,34.7,36.7,35.5,34.3,41,41.7,40.3,42.4,42.4,39.8,38.8,41.5,41.8,40.2,35.5,37.9,41.8,37.8,16.8,17.3,17.8,18.2,18.3,18.9,18.5,24.6,27.7,30.9,31.9,33.3,33.2,30.3,38.5,38.6,40.2,40.5,35.7,39.6,36.6,45,46.5,46.3,46.7,47.8,47.7,43,38.9,38.7,38.5,39.3,39.6,39.2,36.3,39.8,43.6,45.7,44.2,44.3,43.4,34.9,19.2,20.1,21.6,22.6,22.4,21.7,23.3,33.1,34.1,34.6,30.2,34.2,34.2,30.9,35.2,35.2,35.8,24,36.9,36.8,34.1,35.9,36.2,37,37,37,36.8,31.7,40.1,44.4,46.5,46.7,47.2,48.6,44.9,34.9,35.3,35.6,36,36,34.9,31.3,38.8,39.1,40,42.2,41.4,41.5,39.1,38.3,39.7,40.4,39.9,38.8,36.5,33,42.9,43.3,45.4,40.7,39.5,38.3,37.4,38.3,39.5,41.2,40.5,41.2,40.9,38.7,22.5,21.7,19.5,18.2,18,17,16.9,35.1,34.7,34.8,35.9,36,32.7,26.1,35,28.6,37.3,38.2,38.9,33.4,35.6,44,45.1,35.8,47.2,45.1,44.6,41.9,40,41,39.6,39.3,39.9,39.9,33.5,33.9,40.3,41.4,40.7,42.9,40.8,37.1,21.6,22.1,22.6,23.1,23.3,22.8,23.9,33.2,34.1,34.1,34.6,34.5,34.7,31.5,35.5,34.8,32.1,23.1,27.3,32.3,33,36.6,36.1,37.7,37,37.4,37.2,34.4,41.8,42.6,44.2,44.1,45.8,46,40.8,28,30.6,31.7,32.9,33.7,35.2,36.1,35.7,36.7,35.7,36.5,32.8,34.6,32.7,37.1,38.5,39.3,39.4,38.8,38.5,36,41,38.2,37.7,40.2,40.8,41,33.6,33.2,33.8,34,33.7,34.4,33.4,37.8,36.5,39.1,41.2,42.4,44.6,41.2,39,37.5,34.6,33.7,37.5,38.1,35.2,35.5,36.1,35.8,35.6,35.7,34.9,31.8,38.2,40.6,39.7,39.1,39.5,39.1,36.2,42.9,43,41.7,40.7,40.8,41.7,40.8,39.3,38.9,39.1,39.8,39.1,39.6,36.7,39.9,41.4,42.3,33.8,36.1,37.5,30,20.1,21.3,21.1,22.1,22.5,22.9,21.6,32.9,33,33.7,34,34.3,33.3,30.9,34.7,35.7,36.9,35.5,35.7,36,33.7,37.3,37.8,37.9,37,35.8,35.6,35.7,46.2,48.1,38.4,45.5,53.2,46.9,42.7,21.4,23.5,26.8,28.6,28.9,30.1,30.5,37.5,38.7,38.6,37.6,37.2,36.7,34.3,34.7,36.1,36.4,36.5,29.5,33.4,32.7,42,43.3,44.3,42.1,42.9,41.3,38.5,31.1,24.3,26.8,30,33.2,32.8,31.3,43.9,41.9,43.9,40.3,41.1,38,34.4,34.6,37,37.9,31.3,37.8,38.9,35.7,36.3,32.2,35.4,35.4,34.9,35.8,33.4,38.4,39.7,39.6,40.7,40.5,39.4,35.6,48.5,43,43.6,43.8,42.1,43,40.7,40.4,40.3,40.1,38,40.1,40.7,37.2,45.1,44.2,42.2,43.9,41.9,43.9,40.3,18.4,18.5,19.1,19.5,19.7,20.3,20.1,32.6,34.4,34.2,34.8,34,34.5,31.5,33.6,34.6,35.8,36.4,36.8,35.7,33.4,38.1,38.7,39.8,37.1,33.6,39.2,36.4,45.8,46.6,47.5,42.1,41.9,46.1,42.7,21.2,22.3,25.3,25.3,22.7,26.5,28,38.3,39.3,39.3,39.4,40.1,39.2,35.6,33,35,35.4,35.3,36.1,35,32.1,41.1,43.9,41.1,42.8,42.7,39.6,38,33.8,35,35.1,34.8,32.9,34.6,33.8,46.5,45.4,47,45.2,45.1,44.2,42.2,34.1,35.6,36.5,37,37.8,38.2,35.2
HP,NR,30,30.1,30.1,30.2,31,30.1,29.2,25.3,26.5,23.9,26.4,26.4,26.9,25.6,29.4,29.8,27.9,28.7,28.1,28.8,26.5,27.3,27.6,25.7,26.2,27,26.9,24.7,12.7,12.5,13,12.6,12.4,13.3,12.5,17,21.5,25.2,26.4,27.1,26.7,24.9,29.6,30.2,31.5,30.9,30.4,29.8,27.4,28.9,29.4,29.2,30.3,30.5,28.8,27,28.4,28.6,29.2,30.8,31.8,30.8,27.7,28.7,29.4,30,30.7,29.8,31.5,27.7,13.6,14,14.7,15.6,16.1,15.9,16.7,27.9,28.4,28.6,28.2,29.2,29.1,25.8,26.9,26.2,26.7,25.5,25.6,25.1,23.1,28.6,29.8,30.8,30.8,29.5,30.4,26.9,28.7,29.1,30.8,31.3,31.7,31.5,28.5,27.5,28.9,29.2,29.1,28.8,27.9,25,30,30.4,30,30.6,30.4,30,27.5,29.2,29.8,30.7,29.4,28.7,27.3,24.5,30.7,30.4,32,29.5,29.5,28.9,26.3,25.4,26,24.8,25.4,27.5,28.1,25.7,13,20.5,15.6,12.8,12,12.9,12.6,26.6,27.2,27.8,27.4,27.6,25.2,17,29,27.7,29.3,29.8,29.9,25.5,26.9,27.9,29.2,13.1,29.4,28.8,29.1,26.6,32.2,32.8,31.3,31.6,32.1,30.1,26.6,24.2,25.7,26.7,27.5,29.7,28.7,25.6,12.1,13.9,13.9,14.4,14.2,14.1,14.6,27.3,27.4,27.7,27.9,27.3,28.2,25.7,26.6,26.9,26.4,18.9,21.7,25.5,24.6,29,27.3,29,30.8,27.5,28.3,24.7,29,29.4,29.6,29.8,30.1,30.4,28.2,20.6,22.4,23.6,23.8,24.3,24.8,24.1,27,26.9,28,26.9,26.2,26.8,25.8,29.7,30,31.5,31.1,30.4,30.3,28.2,29.6,30,31.5,30.5,29.8,31,27,24.6,24.1,24.7,24.7,21.5,21.1,28.3,28.3,29.1,29.3,29.5,30.3,28,23.2,25.3,26,25.8,26.6,26.1,22.5,27.4,26.8,28.1,28.1,28.1,27.8,23.7,28.5,25.8,30.3,29.7,29.9,29.3,25.3,27.7,28,29.6,28.2,28.2,27.2,23.7,28.4,28.7,30.7,31.1,31.1,31.3,28.7,29.1,29.6,29.4,22.8,26.6,29.6,34,12.1,13.1,12.8,13.3,14,14.1,11.8,27.3,26.8,27.9,28.5,27.8,27.6,25.3,28.1,28.1,29.9,29.2,29.1,28,25.2,28.4,29,28,27.5,26.9,28.3,27.9,29.3,30.1,29.2,30.2,30.8,31.1,27.8,16.5,20.1,21,21.4,20.7,21.9,22.4,28,29.2,28.8,27.1,27.2,26.6,25.2,29.4,29.7,30.3,31.2,29.2,29.3,27.6,29.9,31.6,31.6,31.7,30.6,31,28.7,26.4,19.7,23.4,24.3,23.8,25.5,22.7,28.1,28.2,29.8,29,29.8,27,25.3,25.4,26.2,25.3,25.2,26.7,26.8,24.8,26.7,22.4,25.9,27.2,27.8,27.6,25.6,29.9,30.1,30.3,30.6,30.4,29.9,27.3,26.7,27.4,28.4,28,28.5,28.6,25.8,30.8,31.3,27.9,28.8,30.2,30.3,28.4,29.9,29.9,25,28.1,28.2,29.8,29,11.9,12.4,12.6,13.3,13.1,13.2,13,26.4,27.2,27.9,26.5,27.2,27.4,25.9,27.7,28.2,29.3,28.2,28.7,28,25.1,29,30.4,29.7,26.2,26.2,28.6,27.6,30.3,28.1,30.4,29,30.6,30.1,26.8,16.1,17.6,18.4,19.9,17.4,19.2,19.6,30.2,30.7,30.1,30.5,31.1,30.3,27.5,28.3,28.4,29.6,29.9,30.4,30,26.4,29.5,30.7,30.7,29.9,30.8,31.1,28.2,27.5,28.4,28.2,29.4,29.6,30.5,27.5,29.6,30.6,31.8,30,29.9,29.9,25,24.9,24.7,25.4,25.8,26.2,27,24.3
J&K,NR,52.5,54.1,53.2,51.5,53.2,53.3,51.2,37.9,31.7,37.3,34.6,32.7,37.6,39.5,41.8,42.3,36.7,38.5,40.4,41.7,42.5,44.3,43.9,43.7,43.1,45.3,46.2,43.9,45.3,41.9,40.2,43.5,43.4,43.2,41.5,41.3,42.9,43.3,42.8,44.2,43.9,42.2,48.5,48.9,49.4,47.3,42.9,49.4,48.9,46.7,47.8,47.2,47,47.4,42.3,46.8,51.2,52.2,48.4,49.9,51.3,51.1,49.5,35.2,40.8,41.6,42.1,39.7,41.7,37.9,41.8,40.8,41.5,41.8,41.2,41.4,38.3,44.5,44.2,40.1,37.9,44.3,44.1,43.8,45.8,45.1,46.1,44.4,36,41.9,41.6,46.7,47.3,48.2,48.2,50.5,48.8,46,48.5,44.8,45.8,46,48.8,44.6,42.3,48.4,46.6,48.3,48.8,49,42.7,46.3,50.8,51.4,52.5,52.4,52.5,53.4,52.7,41,39.8,39.8,41.3,39.5,30.1,34.5,42.4,42.8,42.9,37,42.5,40.5,37.3,44.2,43,33.7,41.7,42.6,46.3,44.2,45.6,44.7,42.8,44.6,43.2,42.9,40.9,41.8,42.6,42.3,43.5,43.2,42.6,43.1,43.1,41.1,45.3,45.4,53,51.6,48.9,41.8,48.3,48.1,48.7,43.5,44.6,46.4,51,51.3,49.8,50.6,50.3,50.9,49.9,34.8,41,41.2,41.8,41.6,42.5,39.5,46.6,45.5,40.4,45.9,43.9,44.6,42.4,42.5,43.5,43.9,44.4,44.5,43,43.7,46.2,46.3,45.2,45.4,40.9,45.7,46.4,47.8,47.9,47.6,42.9,43,43.4,42.3,49.3,44.9,45.9,44.9,45.4,44.2,41,43,43.3,44.2,45.3,43.4,44.9,41.2,49.1,48.8,51.6,47,50.2,49.5,47.6,48.8,48.9,50.2,48.1,50.9,48,50.6,39.7,41.2,42.2,39.1,42.7,43,40,42.6,43.1,46,44.8,47.3,47.7,39.9,41.3,43,42.7,41.5,43.1,40.5,41.6,39.3,39.4,46.7,44.7,44.7,43,40.8,40.3,38.9,41.3,30.5,39.9,40,50.2,52.5,48.5,50.3,51.6,50.4,49,46.6,46.5,45.9,46,46.1,45.9,46.8,33.6,38.1,43.8,42.2,49.6,49.9,50,42.9,38.7,35.7,40.3,38.5,33.5,38.8,40.7,40.4,43.2,40.7,42.9,39.7,42.4,36.2,38.1,39.3,39.2,38.8,41.8,42,45.8,45.5,47.3,46.9,45.8,47.1,43.2,50,49.4,46.9,46.7,38.6,42.8,42.2,47.7,42,41,48.3,48.9,46.9,46.8,36.1,40.4,42.3,43.2,38.3,43.2,43.8,50.4,53,51.8,46.4,48.3,48.1,48.8,46,47.2,46.9,45.9,38.9,44.2,47.7,40,42.8,42.9,44.9,41.3,42.2,39.7,48.8,47.9,46.2,41.4,44.4,48.8,46.2,44.1,40.8,42,42.4,43.5,40.1,40.7,41.3,43.9,41,45.9,42.8,42.2,44.2,38.8,35.2,39.9,39.9,40.6,40,38.6,45.8,51.3,51.3,52.3,53,54.2,54.2,46.4,45,45.8,47.2,46.4,43.4,46.5,52,49.9,51.9,53.8,53.2,52.5,47.6,41.9,41,43,44.1,40.8,42,42.4,40.7,40.6,43.4,42.9,41.2,41.7,43.7,43.6,43.3,40.1,17.8,18.9,24.5,31.3,48.5,48.4,46.9,46,47.9,46.4,45.3,49.6,50.8,51,29.2,35.9,42.8,46.4,42.6,42.4,47.6,47.5,47.9,47.5,46,37.8,38.7,40.7,39.2,41.9,44.1,42.9,50.2,53.6,50.2,49.7,51.1,50.7,49.9,44.3,44.4,45.3,46.4,45.9,46.4,45.4,39.5,41.2,40.3,38.6,39.8,40.2,39.3,46.8,46.9,45.4,45.7,46.8,49.2,47.4,44.4,45.6,45.9,41.6,41.9,41,43,44.5,45.4,45.4,45.2,45.2,43,42.6
Chandigarh,NR,5,4.9,4.8,4.3,4.3,4,3.8,3.9,3.9,3.4,4,3.8,3.5,3.2,6,5.6,5,5.3,5.1,5.2,5.1,4.8,5,5.1,4.7,4.7,4.4,4.1,2.2,2.2,2.3,2.2,2.2,2.2,2.2,2.9,3.3,3.6,3.6,3.6,3.5,3.1,3.8,3.8,4,3.9,3.9,3.6,3.3,5.2,5.4,5.6,6,6.2,6.4,6,4.6,4.4,4.3,4.1,4.4,4,3.7,5.4,6.1,6.5,6,6.1,6.2,5.3,2.7,2.6,2.6,2.8,3,3.1,3.2,3.2,3.4,3.5,3.5,3.5,3.3,3.1,3.1,3.1,3.2,3.2,3.4,3.4,3,3.3,3.3,3.5,3.5,3.4,3.4,2.9,6.2,6.2,6.5,6.4,6.7,6.8,6.1,3.4,3.4,3.5,3.5,3.5,3.5,3.4,4.4,4.5,4.5,4.9,4.9,4.7,4.4,5,5.3,5.3,5.2,4.7,4.3,3.4,6.3,6.8,6.4,6,5.5,4.9,4.9,4.1,4.4,4.6,4.8,4.8,4.5,4.1,2.4,2.4,2.3,2.3,2.3,2.4,2.2,3.7,3.4,3.7,3.7,3.7,3.4,2.9,3.7,3.8,3.8,3.8,3.8,3.3,3.3,5.1,5.3,5.5,5.2,4.9,4.6,4.3,4.5,4.3,4.2,4.2,4.2,4.1,4.1,4.8,5.1,5.5,5.7,5.6,5.1,4.3,2.5,2.6,2.4,2.6,2.7,2.8,2.8,3.3,3.4,3.5,3.4,3.4,3.3,2.9,3,3.1,3.1,2.5,3,2.9,2.7,3.5,3.2,3.4,3.4,3.4,3.2,3,6,5.5,5.7,5.7,5.5,5.6,5.6,3.4,3.8,3.9,4,4.2,4.5,4.6,3.5,3.5,3.7,3.6,3.4,3.3,3.1,4.2,4.2,4.4,4.5,4.4,4.3,3.9,6,5.9,5.8,5.4,5.2,5.2,5.2,3.3,3.2,3.2,3.1,3.1,2.8,4.4,4.3,4.7,5,5.3,5.5,5.2,4.1,4,3.2,3.2,3.2,3.5,3.3,3.8,4.3,3.9,4.2,4.1,3.9,3.3,3.7,3.8,4,3.8,3.8,3.6,3.4,5.1,4.8,4.8,4.6,4.7,4.4,3.9,4.6,4.7,4.6,4.7,4.6,4.3,3.9,6,6.3,6,5.2,5.6,5,3.6,2.4,2.6,2.7,2.9,3,2.9,2.6,3.3,3.2,3.5,3.4,3.5,3.3,3,3.2,3.2,3.3,3.3,3.2,3.1,2.8,3.5,3.6,3.5,3.5,3.5,3.5,3.1,6.3,6.7,6,6.2,6.5,6.1,5.7,3,3.2,3.3,3.4,3.3,3.4,3.5,3.9,4,3.9,3.8,3.7,3.5,3.2,3.6,3.5,3.7,4.1,4.3,3.8,3.4,6.4,6.4,6.7,6.7,6.4,6,5.5,3.3,2.8,3.3,3.3,3.3,3.4,3,6.5,6,5.9,5.5,5.4,4.7,3.7,3.7,3.7,4,4,4,3.7,3.4,4.1,3.5,4,4.1,4.1,4,3.2,3.6,4.1,3.9,3.8,3.9,3.6,3.2,4.9,4.9,5.1,5.4,5.3,4.7,4.7,4.6,4.7,4.7,4.7,4.6,4.4,4,6.5,6,5.6,6.5,6,5.9,5.5,2.2,2.2,2.3,2.3,2.3,2.3,2.3,3.5,3.5,3.5,3.5,3.4,3.3,3,3.1,3,3.3,3.1,3.3,3.1,2.8,3.7,3.7,3.6,3.6,3.7,3.4,3.2,6.5,5.2,5.9,5.7,5.7,5.7,6.1,2.9,3,3.2,3.3,3.2,3.3,3.4,4.1,4.2,4.1,4.1,4.2,3.9,3.5,3.4,3.5,3.2,3.5,3.6,3.4,3.1,6.2,6.5,6.1,5.7,5.9,5.9,5.5,3.1,3.4,3.4,3.3,3.5,3.5,3.1,7.2,7.2,7.4,6.1,6.5,6,5.6,3.3,3.5,3.6,3.7,4,4,3.5
Chhattisgarh,WR,78.7,78.8,74.8,69,68.1,73.1,74.2,77.2,79,80.7,85.2,87.6,89.6,88,89.2,83.5,82.2,86.8,90,87.5,90.2,105.7,105.9,103.7,105.8,98.3,94.8,94.7,71.9,67.8,72.6,73.4,75.7,75.4,70.8,67.4,71.2,74,75.1,74.3,74.1,74.4,73.7,75.1,76.1,78.4,78.8,78.1,79,94.3,89,85,88.6,86.2,37.2,88.5,82.3,80.8,80.8,83.2,81.9,80.8,81.6,88.7,87.7,93.2,96.3,96.4,97,95.7,67.7,64.1,67.5,68.2,70.9,73,74.7,71.6,72.8,71.5,71.4,71.9,71.7,70.5,94.2,96,98.1,97.2,97.6,102.9,97.8,82.4,89.8,92.1,92.1,92.3,92.3,90,85.2,91.1,90.5,89.6,87.3,89.7,86.3,75.8,72.2,77.2,79.2,81.9,83.7,85.1,78,78.2,78.6,74.5,75.3,75.8,77.2,103.5,98.6,86.6,84.2,81.3,80.8,76.2,110.2,111.6,106.5,100.1,96.7,91.7,93.7,99.9,100.5,102.6,103.9,105.5,104,104.1,81.6,86.4,80.8,75.2,73.4,77,73.6,74.1,76.7,75.7,72.8,73.9,73.5,68.5,80.8,79.9,82.7,80.8,79.2,64.5,69.2,92.2,92.3,88.9,92.3,93.5,92.1,92.8,78.7,79.8,77.1,80.8,82.2,83.7,80,94.5,94,94.2,96.9,97.5,95,90.8,76.5,77.9,70.6,75.1,75.2,74.5,72.5,70.8,70.7,71.1,71.6,72.3,71.2,70.8,81.1,93.1,87,69.9,79.3,87.3,91.3,84.3,84.5,88.5,91.1,92.1,92.2,92.7,83.8,87.9,89.6,88.9,85.9,75.1,76.7,75.7,76.3,76.2,74.8,78,79.2,79.4,85.3,86.9,86.5,88.6,88.7,88.1,86,72.7,75.8,76.2,76.8,77.9,77,79.7,97,89.8,90.6,95.8,100,101.4,103.6,85.1,89.8,89.1,83.7,83.6,84.4,104.7,105.6,105.8,102.1,98.7,101.8,108.5,102.1,100,99.6,101.8,93.6,95.6,95.9,87.8,87.1,86.8,89.5,83.1,78.2,75.7,81.2,80.1,79.5,77.8,82.9,83.3,84.7,91.9,90.3,87.4,90.4,94.1,91,91.8,77,78.4,77.8,78.8,79.3,72.5,78.7,92.7,87.9,80.5,80.3,88.3,97.4,96,78.2,78.3,78.9,77.5,78.3,83.4,79.5,72.1,71.7,70.8,71.2,71.2,70.8,70.8,96.9,95.5,96.3,94.5,97.5,94.2,91.9,85.4,86.6,82.8,89,85.9,70.7,82.1,92.4,91.5,92.2,92.1,92.8,89.6,86.9,69.2,72.9,75.4,75,78.7,79.4,76.5,73.7,73.7,78.7,80.9,82.6,83.8,83.8,73.5,74.4,76.2,76.9,75.8,75.8,74.2,78.9,83.8,86.5,84.7,85.4,89.1,93.9,82.7,69.6,72.7,81.3,77.5,77.6,80.5,82.5,83.4,87.3,91.8,96,99.2,102.8,102.8,101.7,100.4,100.5,100.5,101.6,102.5,82.8,79.6,83.7,87.5,88.3,86.9,87.7,79.1,79,80,84.2,81.3,79.3,81.8,96.3,95.4,95.2,97,95.4,95,94.1,75.2,75.8,74.2,69.7,67.7,72.9,74.7,81.1,77.9,79,82.5,83.4,87.3,91.8,70.5,73.8,74.2,72.4,77.2,75.1,76,75.7,75,75.9,74.8,73.8,70.9,72.5,89.5,93.2,93,94.4,95,92.2,94,81.3,82.3,81,83.4,83,80.7,82,85.5,90.6,92.1,89.6,85.1,85.6,90,77.3,72.1,70.8,70.8,65.6,68.2,67.9,80.9,77.7,74.1,75.6,71.8,72.8,69.3,71.7,71.9,71.5,73.1,72.8,72.5,73,90,89.7,84.9,88.5,86.8,85.2,74.4,91.3,86.2,84.3,85.1,83.5,72.2,81.2,80.8,73.1,73.8,79.8,81.1,77.9,79,99,99.6,100.4,101.8,103,101.8,102.4
Gujarat,WR,319.5,316.7,301.9,313.2,320.7,319.4,307.9,260,268.3,275,294.1,301.2,305.6,290.5,299.5,282,269.1,260.2,273.8,276.7,263.5,391.4,385.3,380.2,380.6,379.4,377.9,362.8,203.5,212,217.1,221.5,224,229.7,232.2,215.2,229.6,234.9,261.5,282.1,278.5,261.9,317.3,322.3,321.8,326.9,322.6,319.9,312.3,385.7,391.1,389.9,394.1,392.8,393,376.2,332.4,338,330.5,327.8,330.4,324,316.4,319.9,313,302.4,305.7,316.9,323.9,300.1,277.2,286.2,291,294.3,296.2,292.6,295.5,334.9,339.2,336.5,334.7,336.7,333.5,318.3,351.5,355.6,357.6,364.6,366.5,366.4,350.5,326.2,319.2,314.6,314.6,322.6,322.6,319.7,340.6,334.7,330.8,340.2,331.8,328.2,319.5,356.3,354.7,347.2,344.5,362,361.6,346.4,326.4,329.8,325.4,324.4,320.9,317.6,306.7,317.2,320.5,312.7,306.6,289.4,279.2,257.9,342.2,355.4,354.3,346.8,338.8,334.6,314.9,381.2,359.9,379.2,387.3,392.9,389.6,375.4,282.4,291,263,238.2,207.5,192.3,201.7,351.2,347.8,337.8,327.4,312.7,279,233.3,333.9,329.3,327.6,327.4,322.5,297.7,300.2,382.1,387.9,384.3,391.1,388.3,384.8,372,324.8,327.1,329.1,337.6,341.5,339.1,312.7,300.2,307.4,312.7,313.2,313.4,287.5,290.3,261.3,265.8,268,275.8,278.9,280.6,275.4,316.8,318.5,318.6,326.4,334.4,331.3,321.7,342.9,341,326.8,256.6,300,333.3,333.7,324.5,327.9,329.9,335.8,335.9,328.5,313.7,330.9,316.1,319.2,338.8,352,354.3,335.9,299.7,303.5,307,308.6,316.6,317.1,315.2,352.8,353,356.3,363.5,334.7,349.9,341.7,307.5,309.1,316.4,329.4,332.8,329.7,316,301.1,311.6,316.1,320.2,321,314.9,294.1,338,349.9,355.9,364.5,362.3,357.9,362.2,368.8,372.6,379.3,390.7,387.4,339.6,379.8,359.3,335.8,355.9,358.8,367.5,363.6,341.8,348,357.3,360.1,364.7,362.1,343.1,256.6,282.7,316.4,327.5,329.8,329,321.9,378.4,378.9,376.5,377.8,374.3,371.8,360.5,324.1,257.6,273.3,309.7,322.9,322.1,313.5,270.6,292.7,293.4,231.5,258.5,281.8,282.4,249.5,260.7,263.5,261.7,264.5,269,263.7,308.7,314.2,314.5,309.8,307,313.7,299.7,333.7,334.4,330.9,332.3,334.5,334.3,327,316.8,323.4,324.3,328.1,324.4,320.9,311.7,398,398,368.3,302.6,328.7,342.9,325.4,299.7,305.2,305.5,301.9,303.4,306.3,306.5,329,343.5,341,348.6,348.7,347,335,328.8,335.5,332.2,325.9,319.3,317.1,299.5,284.7,278.2,277.2,267.2,282.3,287.7,280.1,323.8,253.8,286.4,323.3,331.2,333.1,321,331.7,340.4,344.5,354.4,362.9,364.6,346.8,378,379.7,379.9,386.5,389.4,383.1,369,299.3,281.6,307.2,327.4,329.8,333.3,320.9,320.3,323.3,322.5,324.8,329.5,327.3,315.6,373.2,379.4,373.5,376.2,374.2,370.7,364.2,318.9,324.5,320.9,317.8,313.9,327.6,326.9,322.7,321.8,305.1,331.7,340.4,344.5,354.4,231.4,240.2,242.8,241.1,243.8,246,247.4,284.8,289.3,293.8,285.2,285.4,292.8,287.8,317.1,327,330.1,336.8,337.4,332.8,325.8,326.3,332.1,327.1,320.1,320.1,314.9,301,390.7,394.8,387.9,395,400.8,398.1,387.1,289.9,294.1,294.8,300.2,303.6,304,302.8,332.1,333.9,332.6,337,337.3,333.9,318.9,330.3,331.3,330.8,336.3,331.9,325.8,312,289.7,297.9,296.8,288.7,292.4,294.3,276.3,360.1,363.1,356.5,354.3,345.3,344,335.6,330.7,339,331.1,318.1,322.7,321.8,305.1,359.3,366.9,370.5,377.4,379.8,377.2,362.5
MP,WR,253,253.6,239.3,228.2,227.4,230.3,228.8,162.5,159.6,154.3,161.1,168.6,170.7,170.2,185.1,183.7,183.4,183.7,189.3,187.9,188.2,219.7,219.7,218.4,219.8,212.8,210,208.6,150.4,155.6,158.9,162.7,165.5,165.4,165.8,154.6,156.5,166,175,180.7,184,181.7,228.3,233.3,235.5,237,237.1,238.5,235.3,224,227.4,226.3,226.4,226.6,223.9,215.2,255.7,258.5,259.6,258,262.8,264.8,265.1,166.9,169.2,175.4,182.6,185.6,186.8,184,175.7,168.3,182.2,186.1,189.2,186.9,193.3,248.2,250.9,253.4,252.8,250.3,250.7,246,199.3,200.8,203.1,204.8,205.8,208.4,202.5,226.5,223.9,212,212,222.6,223.5,203.8,190.4,195.1,192.8,191.7,188.4,187.4,171.4,252.2,249.8,250.4,250.6,252.9,248.3,222.4,246.6,239.7,237.4,242.8,245.1,246.2,246.9,164,163.5,166.5,162.9,162.4,152.4,154.1,219,229.2,220.4,197.9,185.2,183.2,175.8,206.1,212,216.4,219.3,221,221,217.3,182.1,183.4,178.9,160,150.3,131.8,142.8,171,169.7,164.3,164.9,171.3,170.3,162.8,243.7,238.3,241.9,235.6,218.1,214.8,222,219.1,222.8,225.1,227.8,223.8,223.5,219.1,235.9,243.1,242.1,242.8,250.7,255.7,254.5,172.3,172.8,174,173.9,181,174.5,165.6,179.6,182.2,185.8,189.3,186.2,187.9,183.3,232,235.2,238.4,240.6,244,245,246,203.6,207.8,205.1,186.3,193,198.8,200.9,218.2,223.4,227.2,222.8,231,232.4,229.2,195,202.7,187.8,196.1,203.1,198.1,189.1,204.5,205.3,208.3,203.8,207.2,209.3,216.6,270.2,272,272.3,271.7,264.2,255.9,252,221.8,223.8,224.1,230.9,236.3,239.5,240.9,172.7,167.7,169.8,174.1,173.2,172.9,162.8,202.7,205.4,203.4,200.5,195.1,191.5,202,209.7,216.6,218.7,218.6,213.6,209.9,202.9,176.6,154,181,192,200.5,201.3,181.8,184.5,185.5,187.7,187.1,182.7,168.1,250.5,249.2,251.6,251.9,253.4,250.8,250.8,200.3,208.4,213.9,215.3,216.6,213.3,211.6,245.5,247.7,236.9,214.5,225,230.2,229.3,195.4,186.9,169.4,140.7,149.7,164.8,169.2,177.2,179.9,180.8,180.7,182.2,188.7,182.1,209.1,214.7,218.5,221.1,222.6,224.7,227,218.8,222,219.1,212.2,210.7,212.6,199.5,231.6,236.3,236.7,213.6,198.8,210.3,216.8,221.9,225.2,221.2,210.1,211.2,203.4,191.1,180.1,173.9,192.6,196,202,202.9,205.5,267.4,269.9,271.4,271.8,271.4,269.4,265.3,253.5,256,257.5,243.8,211,228.5,220.9,174.7,180.4,179.5,167.9,162.6,162.8,166.2,223.3,195.8,194.5,202.6,203.6,199.1,200.1,160.3,165.3,174.2,180.9,189.1,194.2,193.3,197.6,210.4,212.3,212.8,211.5,213.7,211.1,172,167.8,173.2,178.6,180.5,178.8,178.2,253.2,256,257,257.9,258.1,259,253.7,208.7,209.7,210.6,213.5,217.3,213.2,206.1,238.3,242.4,227.7,231.1,236.6,239.8,243.1,157.7,154.9,157.1,160.3,165.3,174.2,180.9,164.4,166.2,169,168.2,171.8,174,176.4,189.7,196.9,203.4,199.3,196.2,202.3,204.4,210.6,216.8,218.2,219.5,219.1,216.5,217.7,237.7,239.3,236.5,213.7,226.3,230.6,231,216.9,223,227.5,227.6,223.5,219.8,219.9,191,178.5,174.6,181.1,186.8,197.2,197.3,270.1,265,262.7,267.7,267.7,266.9,261.6,248.2,250.3,251.9,253.1,253.3,255.1,252.3,186.4,185.2,186.3,188.2,195.1,192.3,180,226.7,234.3,232.1,232,220.7,221.5,221,172.7,167.2,156.6,161.1,157.7,154.9,157.1,205.9,206.3,208.1,209.8,205.2,203.3,200.1
Maharashtra,WR,428.6,419.6,395.8,411.1,408.6,408.1,398.2,400.9,409.7,405.2,421.8,408.3,406.3,392.1,377.1,368.4,360.8,371.2,362.4,356.6,330.8,499.4,508.9,456,485.9,485.2,485.1,475.9,348.4,345.2,344.3,353.3,369.8,376,378,305.6,320.1,350.4,360.6,362.2,360.6,357.5,394.1,399.5,405.3,403.4,399.3,403.5,392.4,509.5,516.4,515.8,509.6,505.9,500.6,489.6,454.7,467,461.9,454.7,448.3,443.4,435.6,423.5,429,439.3,449.4,431.4,402.8,374.7,404.6,405.7,408.1,408.8,405.1,400.2,409.9,438,442.3,441,443.7,443.7,445,424.4,471.3,484,489.6,487.7,483.3,484,462,439.4,433.9,432.9,432.9,420.9,431.1,419.7,436.2,451,458.8,448.7,407.6,388.5,371.1,495.9,494.2,491.4,493.4,492.9,484.8,456.8,447.6,456.7,447.8,427.8,428.5,425.5,415.3,409.6,403,391.5,385.4,379.7,385.6,380.7,441.2,451.4,446,423.8,400.5,374,364.8,495,494.5,500.6,513.1,511.8,513.3,504.1,395.6,403.6,394.4,357.9,328,348.2,351,357.7,383.7,387.9,383.7,363.2,347.4,313.9,412.4,417.1,417.4,413.3,397.6,351.6,361.6,507,513.6,513.9,522.1,505.3,503.3,487.5,445.9,457.6,460.2,464.3,466,464.7,424.1,424.5,433.7,431.6,426.7,426.8,424,414.1,380.5,388.6,399.1,405.7,410.2,412.7,404.4,421.9,429.8,431.3,433.4,429.8,431,417.1,457.5,466.3,462.2,406.8,439.2,460.8,452,419.4,425.1,436.2,442.4,443.5,441.3,424.4,473.9,476.8,473.8,479.4,474.3,463.8,429.1,404.9,418.3,420.9,426.2,434.5,442.1,443.5,484.7,493.9,497.9,499.8,491.7,489.1,477.6,434.9,445.4,444.6,444.1,443.7,443.6,431,407.9,412.2,399.2,386.2,383.2,389.6,386.6,490.5,499.3,479.6,479,478.2,468.2,432,444.6,457.9,460,449.2,430.9,405.6,483.8,478.3,470.4,482.3,477.8,487.4,468.5,438.4,446.6,452.7,458.8,441.8,400,368.4,414.6,418.4,421.8,421,413.7,413.1,403.2,499.8,500.6,497.9,495.2,495.1,496.7,481.3,445.4,452.7,441.2,438.8,431.4,431.8,426.8,379,396.2,399.4,344.5,378.1,399.9,399.2,392.2,391.7,392.2,395,402.2,401.9,400.2,402.5,408.4,414.3,409.9,410.3,416.2,406.7,449.1,463.7,459.1,452.8,448.9,451.2,439,403.7,420.1,428,431,418.4,413,404,459.6,471.4,463.4,457.8,460.8,464,455.8,407.7,392.5,425.7,421.3,411.2,405.5,405.1,457.1,471.1,476.8,475.8,474.7,474.5,461.2,442.9,454,455.5,451.3,438.7,435.7,422.9,395.1,395.6,400.3,377.8,383.5,390.7,382.4,487.6,430.1,465.5,482.4,482.7,476.3,466.7,392.3,402.8,403.7,403.8,407.6,415,404.8,497.4,499.9,500.8,502.7,501.4,489.9,468.4,408.9,371.3,401.5,418.3,414.9,420.2,413.6,409,415.4,415.3,414.9,410.9,412.5,401.3,497.2,504.1,501.8,496.2,492.4,491.6,479.3,422.9,437.2,436.9,428.4,427,434.1,425.1,386.3,382.6,367.1,392.3,402.8,403.7,403.8,376.6,377.2,381.2,378.2,383.2,383.1,387.1,388.4,395.1,400.2,397.7,387.1,389,378.3,435,443,441.4,443,439.5,442.2,429.6,408.3,421.6,424.1,414.1,400,389.6,381.5,500.4,495.4,492.8,494.2,485.7,472.7,461.6,414.1,416.5,421.3,431.5,427.2,428.6,432.1,459.1,464.5,464.8,463.7,452.7,449.6,428.1,437.4,439.8,445.8,449.6,441.9,434.6,421.6,369.2,395.5,395.5,399.6,397.8,390.6,381.2,476.6,490.8,490.1,491.6,486.1,486.1,471.5,376.7,380.3,387,392.8,386.3,382.6,367.1,477.1,485.9,494.1,492.8,472.8,475.3,470.5
Goa,WR,12.8,13.7,12.6,13,12.9,12.7,10.9,12.1,12.1,12.1,12.2,12.4,12.4,12.4,11.3,11.3,11.3,11.8,11.8,11.8,8.2,13.5,13.5,13.5,13.5,13.5,11.6,10.7,6.9,6.7,7.1,7.2,7.2,7.2,7.2,10.1,10.1,10.1,12.3,12.3,12.3,12.3,9.8,11.5,11.5,11.5,11.5,11.5,11.9,12.4,11.8,12.3,12.3,12.3,12.3,12.3,9.8,10.2,10.2,10,9.2,10.6,9.1,10.2,10.2,11.1,11.3,11.4,11.4,9.7,8.7,9.7,9.3,10,10.1,9.1,9.7,12.3,12.3,12.3,12.5,12.9,12.9,12.9,12.4,12.4,12.4,12.4,12.4,12.4,12.4,10.9,10.9,10.9,10.9,9.7,10,10,12.4,12.4,12.4,12.4,12.4,10.9,10,10.5,10.9,10.8,10.9,11.1,11.6,11.6,12.9,13.1,10.9,13.1,13.5,13.4,13.3,11,11,12.2,11.9,11.9,11.9,11.3,11.4,11,11.3,11.3,11.3,11.3,11.3,13.8,13.8,13.8,13.5,13.5,13.5,13.5,7.4,6.9,7.2,6.2,6.9,7,6.8,10.8,10.8,11.5,10.5,10.5,10.5,8.9,12,12,12,12,12,11.5,9.8,11.8,12.4,12.4,12.4,12.4,12.4,12.4,9.9,10.1,10.3,10.4,10.1,10,8.7,11.7,11.8,11.9,11.9,11.9,11.3,10.2,7.8,8.2,8.2,8.6,8.9,9.2,9.5,12,12,13.4,13,13,13,11.8,9.8,10.5,10.9,9.3,9.9,11.7,12.4,11.9,11.9,11.8,11.2,10.9,10.9,10.9,11.5,11.5,11.5,11.5,13.1,12.4,12.4,9.1,10.3,10.5,10.6,10.6,10.3,10.7,10.2,10.3,10.7,10.9,10.6,10.6,9.4,12.5,12.7,12.4,11.5,11.5,12.7,11.9,11.8,11.3,11.5,11.5,11.5,11.8,11,10.4,11.1,10.9,10.6,10.5,9.9,11.3,11.4,11.4,11.4,11.4,11.4,11.4,11.8,14,13.8,13.8,13.8,13.8,10.3,12.8,12.8,12.8,12.8,12.8,10.3,10.8,9.5,9.5,9.5,9.5,11.9,12,12,11.5,11.5,11.5,11.5,11.5,11.5,11.5,9.4,10.5,10.1,10,9.5,9.3,8.7,10.3,10.5,10.5,10.5,11.3,11.7,11.7,7.1,7.7,7.7,7.9,8.2,8.1,8.1,12.2,12.5,12.4,12.4,12.4,12.9,12,11.6,11.6,11.6,11.6,11.6,10.7,10.7,12.3,12.3,12.6,11.9,11.9,11.9,11.9,11.9,11.9,11.9,10.4,11.5,11.5,11.5,9.5,10.6,10.1,9.9,9.8,10,8.9,9.5,11.2,11.9,12,11.3,9.9,9.3,12.3,12.8,12.8,12.4,12.6,12.2,11.4,11,11.8,11.8,11.8,11.9,11.8,11.8,10.3,8.8,10.1,10.4,10.3,9.9,9.6,11.6,11.6,11.6,11.6,11.6,11.6,11.6,12,13.7,13.7,11.8,11.8,11.8,11.8,12,11.2,11.2,11.2,12.7,12.8,12.8,8.8,9.1,8.9,9,9.5,9.4,9.5,10.7,10.7,10.7,10.7,10.7,10.7,11.2,12.7,11,10.4,13.5,13.4,13.6,12.2,10,10,10.5,11.6,11.6,11.6,11.6,6.8,7.4,7.3,7.2,7.2,6.6,6.9,12.1,12.7,12.7,12.7,12.6,12.2,12.2,11.1,11.1,11.1,11.1,12.1,9.9,9.5,10.8,11.7,12.3,12.3,12.3,12.3,12.3,12.3,12.3,12,11.9,11.9,11.9,11.9,9.4,10.5,10.6,10.4,10.6,10.6,10.4,9.5,10,10,9.8,9.6,9.6,8.3,12.4,12.4,12.4,12.4,12.5,12.3,12.3,8.8,8.8,8.8,10.2,10.2,10.2,10.2,10.9,11,11,10.4,10.4,10.4,9.2,10,10,10,10,10,10,10.5,12,12,12,12,12,12,12
DNH,WR,18.6,18.2,16.7,17.6,18.6,18.3,18.1,18,17.8,16.9,17.6,17.6,18.5,17.3,18.9,18.4,18.3,18.1,17.7,17.9,16.3,18.9,18.8,17.4,18.1,18.2,18.3,18.2,1.6,1.7,1.3,1.7,1.7,1.8,1.8,11.4,14,15.3,17,17.2,17.2,17.2,17.9,18.2,18.1,18.1,17.6,17.9,17.8,14.6,17.4,16.7,17.8,16.5,17.2,16.3,17.2,18.9,18.8,18.7,18.4,17.8,17.8,18.8,18.8,18.8,19.1,19,18.4,17.9,4,4.7,5.1,5.4,5.7,5.3,5.8,18.3,18.5,18.6,17.7,18.4,18.3,17.7,18.3,18.2,18.4,18.5,18.3,18.3,17.7,18.2,18.4,18.5,18.5,17.7,17.3,18,18.6,18.7,18.9,19.1,18.5,17.1,17.4,18.7,18.7,18.9,19.1,18.5,19.4,17,18.9,19,19,18.9,18.7,18.7,18.4,18.4,18.6,18.5,18.5,18.4,18.4,18.1,18.9,19.2,19.1,19,19,18.7,18.7,18.7,16.2,18.1,19,18.4,18.2,18.3,13.5,15,12.9,3.2,2.2,2,1.7,18.2,17.1,18.3,18.6,18.2,17.2,12,17.9,18.1,18.2,18.2,18.1,14.9,16.2,17.7,18.2,18,18.1,17.9,17.9,17.7,18.3,18.6,18.8,18.5,19,18.7,14.9,18.9,18.9,18.4,19,18.9,18.7,18.4,2.7,2.9,3,3.2,3.3,3.4,3.8,18.1,18,18.3,18.4,18.3,18.3,18,18.3,18.4,18.2,12.1,14,17.4,17.9,17.5,18,18.4,18.5,18.4,18.2,18.1,17.5,17.8,17.9,18.2,18.2,18.3,18.2,7.3,7.4,7.9,8.1,8.2,8.6,8.1,18.3,18.7,18.7,18.5,18.4,18.5,18.4,18.5,18.6,18.8,18.8,18.6,18.7,18.5,18.6,18.1,18.7,18.4,18.1,18.4,18.1,18.7,18.9,19,19.1,18.9,18.9,18.7,18.9,18.8,18.9,18.8,18.9,19.1,18.4,18.9,18.7,18.7,18.5,18.4,18.5,18.1,18.2,18.3,18.6,18.3,18.2,18.1,16.6,17.3,17.7,17.9,17.8,16.8,17.2,18,18.2,18.1,18.2,17.9,17.8,17.4,18.9,18.1,17.9,18.2,18,18.1,18.1,18.5,18.9,18.5,14.9,16.2,18.2,18.4,2.2,2.4,2.4,2.4,2.5,2.6,2.7,17.7,18.1,18.1,18,18,18.2,17.7,18.1,18.6,18.6,18.7,18.2,18.1,18.2,18.2,18.1,17.5,18.3,18.3,18,17.4,17.4,16.6,16.5,16,16.9,17.4,17.3,7.5,7.8,8,7.9,7.8,7.5,7.6,17.1,18.5,18.7,18.7,18.5,18.4,18,18.6,19,19,19,18.8,18.6,18.2,18.6,18.7,18.7,18.5,18.4,18.4,18.2,18.6,12.5,14.1,17.9,18.6,18.6,18.4,18.2,18.6,18.7,18.7,18.6,18.6,18.4,18.7,18.9,19,19,18.8,18.7,18.3,16.7,14.6,16.6,17.7,17.7,17.7,17.6,17.3,17.5,17.4,17.7,17.5,17.5,17.3,18.4,18.5,18.5,18.3,18.1,18.2,17.9,18.6,18.9,18.9,19,17.6,18.6,18.8,18.6,18.6,17.3,18.2,18.6,18.7,18.7,1.8,1.9,1.9,2,2,2.1,2.2,17.7,17.6,18,18.1,17.9,17.9,17.5,17.9,18.1,18.4,18.4,18.4,18.2,17.9,18.2,18.4,18.3,18.5,18.3,18.1,18,17.6,17.6,17.5,17.6,17.5,17.4,17.1,6,6.7,7.3,7.5,7.6,7.9,7.8,18.4,18,18.1,18.2,17.9,18,17.7,18.2,18.5,18.8,18.9,18.7,18.6,18.2,17.4,18.3,18.7,18.5,18.6,18.6,18.2,18.6,19,19.2,19.5,19.1,19.1,19,17.4,17.8,18.5,18.8,18.6,18.6,17.3,17.3,17.6,18.1,18.2,18.4,18.2,18.4
Andhra Pradesh,SR,164.6,170.1,165.2,167.4,171.2,166.4,160.8,163,168.8,167.7,168.1,164.9,163.3,160.7,155.2,161.8,169.9,166,153.9,153.3,152.6,194.9,193.7,176.4,172.4,181,189.4,189.8,160.4,162.7,164.2,163.7,165.8,165.2,163.2,152.8,156.7,149.8,148.7,153.8,155.2,157.5,149.2,148.1,151.5,150.5,159.5,160.8,159.1,197,201,197.1,183.2,196.3,197.3,194.2,182.9,187.8,191,191.8,190,188.6,182.7,175.5,184.6,187.2,194.8,190.4,182.7,167.9,148.6,150.9,155.8,142.2,151.3,151.8,157.9,169.5,169.5,169.9,168.6,167.7,170,151.7,197.7,197.6,198.1,198.8,199.6,200.4,196.7,190.1,194.2,199.6,196.8,192.9,190.8,189.7,176.2,178.1,179,178.2,185,184.6,174.3,195,197.6,201.2,199,200.7,200.8,194,166.1,167.7,164.5,168.2,172.6,170.1,163,158.1,153.1,153.9,147.7,149.7,154.2,160,165.3,168.2,175.2,174.1,158.7,154.9,151,177.6,178.2,186.1,189.3,193.3,193.3,189,176.7,181.4,175.4,162.1,159.7,160.4,161,152.5,146.7,144.4,146.6,151.4,149.8,146.1,165.2,166.6,167.5,169.7,169.7,168.6,162.7,193.1,201.7,202.5,202.5,199.9,201,199.1,177.3,180.6,182.4,184.3,182.8,183,178.7,164.3,161.9,159.9,160.9,164.7,165.4,166.8,168.7,170.6,169.3,170.1,170.5,169.4,159.1,175.1,173.8,167.6,168.6,169.6,169.3,167.3,192.4,196.9,197.8,193.1,196.4,200.7,195.8,190.1,192.8,187.7,193.6,192.6,191.9,190.2,193.4,197,204,195.3,183,183,169.6,177.6,174.1,164.7,175.5,186.9,192.3,195.9,193.5,197.3,198.1,197.4,194.6,194.6,191.3,155.9,158.2,160.2,166.5,167.6,167.4,164.8,172.8,162.7,159.2,153.8,152.4,159.3,156.6,201.2,205.1,204.3,201.3,198.5,192.9,172.3,178.1,181.9,179.2,169,165.5,164.9,193.5,193.9,193.9,195.6,193.5,187.8,178.1,165.1,164.4,156.5,152.3,154.9,155.4,149.7,159.1,151.4,151.2,157,163.4,165.2,163.4,193.3,197,196.7,197.6,197.4,197.7,196.5,170.4,166.7,156,153.7,167.5,169.5,170.2,186,183.4,183.6,184.7,183.3,174,164.1,154.9,158.7,160.9,163,165,166.6,171,173.2,176,173.3,171.9,165.5,168.3,168.3,196.6,199.2,198.1,197.4,197.4,196.6,192,172.2,174.8,174.5,174.2,175.9,178.1,184.3,181,191,197.3,198.4,198.7,201.8,197.6,175.6,180.6,178.7,180.5,174.5,181.9,185.5,180.7,184.5,186.4,187.8,189,189.7,189.7,155.9,159.7,163,160.7,159.3,156.6,154.2,181.9,186.9,186.6,183,184.5,180.5,175.6,187.7,189.2,192.3,197.4,200,198.5,196.1,182.5,188.4,185.9,187.1,189,184.1,171.8,191.4,194.1,195.9,175,192,191,192.4,158.5,154.8,158.4,159.6,159.1,160.6,162.2,163.5,163.3,161.2,164.6,165,162.8,161.7,196.6,196.5,195.6,201.7,205,199.1,194.3,161.9,161.3,166.8,168.6,171.5,171.3,170.8,169.3,179.4,175.1,182.5,188.4,185.9,187.1,162,164.1,160.3,155.6,130.6,139.7,148.7,164,167.9,173.5,173.5,171,164.9,165.1,190,192.6,193,201,199.4,197.4,195,164,166.7,165.9,169.2,172.9,172.6,167.2,174.6,183.4,193.4,184.1,187.5,187.2,189.7,163.9,167.5,170.6,171.9,171.7,174.8,177.3,184.4,180.6,184.6,189.5,188.1,187.4,180.5,151.6,152.6,153.2,156.4,156,155,150.3,157.2,153.6,159.4,163.6,167.9,169.6,169.7,195.3,195.9,201.2,199.5,194.7,185.7,182.4,169.9,171.9,171.4,179.4,169.3,179.4,175.1,195.1,195.8,196.5,197.6,197.3,186.1,181.9
Telangana,SR,204.2,204.5,201.2,201.7,194.9,191.9,190.8,167.5,173.4,166.7,173.2,176.9,177,174.3,161.3,156.5,169.4,171.8,152,144.5,150.3,175,177.3,160.9,165.2,168.4,168.8,163,206.5,203.2,204.8,200.5,202.4,194,189.8,144.5,145.3,145.8,148.6,150.8,150.5,147.6,141.7,157,162.6,166.8,167.8,169.7,172.1,176,181.8,186.6,177.5,181.2,170.9,167,215,218.5,219.7,219.4,224.4,210.8,204.6,218.1,225.4,235.2,241.7,239.4,205.2,170.6,140,137,131.8,130.5,140.2,133.8,137,178.7,180.8,170.8,169,168.6,167.3,159.2,223.9,229.2,226.8,225.6,227.8,229.1,219.1,217.3,218.5,219.5,215.5,218.9,214.6,218.4,151.8,156.6,162.2,165.6,163.5,147,136.3,255.1,255.2,253.3,249.7,254,255.9,247.7,218.6,223.4,225.7,222.7,225.7,208.3,204.8,179.5,169.4,153.7,154.1,148.7,160.2,166.3,184.1,191.1,198.7,199,174.1,167.8,161.1,161.6,164.1,171.1,176,176.9,176.9,171.1,219.7,224.9,210.7,207.4,202.5,202.7,208.6,143.2,146.8,146.2,145.2,149.4,149.4,141.9,181.9,184.4,185.8,184,176.9,157.7,140.1,172.2,173,171.3,175.1,172.5,172.6,171.1,211.8,216.6,216.3,218.9,217.2,213.6,208,217.8,217.9,217.8,204.2,193.4,210.6,212.1,143.8,145.1,142.9,142.4,144.9,146,140.9,191.5,190.6,194.8,197.2,190.4,177.5,174,225.2,229.8,231.2,218,225.6,224.6,222,195.8,203.3,205.3,205.5,212.4,211.4,209.9,166.1,171,172.7,170.2,149.4,149.4,144.8,144.2,149.5,151.3,159.8,166.9,173.3,168.1,247.4,252.5,254.3,250.3,254.3,252.2,249.5,204.5,208.6,211.7,215.6,214.2,216.1,216.4,199.8,194.5,161.5,167.1,165.1,167,169.4,241.2,247.4,256.2,247.4,236.7,236.8,174.7,182.5,185.7,183.3,182,165.9,170.3,195.2,193.8,189,186.3,173.3,167.9,164.6,175.4,179.7,180.8,173.4,163.4,147.6,142.9,179.7,171.6,174,178.2,182.1,182.5,181.2,167.1,169.7,170.1,170.1,175.9,173.4,166.2,211,211.4,201.5,200.8,209.8,209.8,208.6,196.4,191.9,200.8,190.6,213.1,218.9,217,167.8,164.6,167.4,159.7,157.8,157.7,152.7,160.5,174.7,176.6,183.5,194,192.5,189.2,223.7,220.4,220.9,228,229.3,229.4,224.4,190.9,193.1,192.6,194.7,192.1,189.8,194.5,165.1,169.3,169.2,168.5,169.8,168.4,166.4,139.9,142.8,147.5,150.8,154.9,156.8,152.8,192.4,210.8,216.8,223,225.7,236.2,235.6,182.7,187.2,192.7,197.3,199.6,200.1,199.6,200.5,205.9,206.8,199.1,199.1,199.8,189.3,220.8,222.6,234.2,235.4,233.4,235.9,234.4,155.9,164.2,166.6,163.8,169.9,166.9,170.2,204,206.7,205.5,192.6,190.1,187.4,198.2,176,164,166.7,168.6,165.9,160.2,163.9,179.9,182,180.5,182.2,183.5,179.3,178.7,169.7,174.8,174.5,172.5,175,167,154.8,201,209.3,209.4,212.1,210.3,212.3,210.1,152.5,150.4,147.3,155.9,164.2,166.6,163.8,188.2,179.5,164.2,165.4,167.8,165.5,168.9,156.4,159.5,162.4,159.2,161.8,157.3,155.8,220.9,225.7,218.5,218.7,223.4,215.9,220.5,174,180,183.6,187.4,188.7,185.4,182.5,154.4,154.8,168.2,160.9,159.9,144,156,141.8,144.6,146.9,146.1,141.8,145.4,147.8,208.6,215.2,228.9,226.2,226.7,220.6,192.9,157.3,156,165.9,172.5,181.5,181.7,175.6,161.9,168.5,175.3,190.3,193.7,188.3,188.1,248.6,254,254.1,247.3,244.1,237.6,226.7,144.8,145.5,146.3,152.5,152.5,150.4,147.3,218.5,225.3,227.7,219.5,212.5,207.2,197
Karnataka,SR,206.3,212.2,205.3,212.4,217.5,217.4,201,173.6,176,157,163.5,162.4,156.7,138.7,175.2,167.1,182.5,185,184.7,179.9,157.5,230.1,214.8,180.6,209.6,223.4,224.5,215.5,215.7,218.2,221.6,220.7,226.7,226.2,228.8,128.2,133.8,136.9,146.8,121,142.8,141.7,205.3,204.5,211.1,213,217.6,212.9,200.4,194.9,214.1,206.3,213.1,212.7,198.9,184.8,228.3,233.3,235.8,239.4,240.7,233.8,217.7,172.7,182.3,186.2,191.8,192.7,184.8,172.1,196.3,201.7,206.8,184,189.7,189.7,187.9,196.3,182.1,185.8,190.8,195.3,190.9,162.3,252.5,273.3,256.3,254.3,255.8,253.5,232.7,235.1,234.5,237.7,246.3,251.6,247.3,222.6,191.5,199.2,198.1,198.2,195.2,191.8,170.3,242.7,250.1,249.6,252,253.3,248,224.3,203.7,209,204.1,207.2,211.6,208.1,193.3,177.3,158.3,159.2,154.8,164.7,163,156,171.9,164.5,172.9,163.7,174.8,165.4,160.8,235.4,230.6,233.1,241.9,236.5,236.5,219.1,226.4,238.3,231.2,214.9,213.6,217.4,214.6,146,146.2,147.4,147.2,141.8,140.1,132.6,211.9,216.2,216,218.7,219.4,202.8,197.3,225.8,221.7,219.4,218.9,205.3,194.1,176,233.6,233.8,234.8,233.2,233.6,228.6,214.7,158.5,160.1,169,168.4,168,160,155.9,196.4,207.4,207.2,207.9,205.5,193.5,198.2,180.4,183.5,186.2,186.2,186.4,188,176.5,247.7,252.8,250.4,247.6,248.4,249.4,240.6,220.3,233.1,234.9,231.5,229,228.6,215.4,218.2,217.5,218.4,218.4,203.3,203.3,182.3,192.5,169.2,174,188,196.5,201.3,201.2,240,244.1,247.8,246.6,243.4,236.8,230,195.5,198.9,196.4,202.9,204.9,202.6,192.6,188.3,179.8,177.7,171.9,177.6,180.1,169.8,255.6,256.9,256,258.6,251.1,244.8,194.8,201.1,202.6,199.3,195.4,186.6,168,243.1,249.3,241.5,217,220.7,228.6,216,160.2,160.7,158.1,161.8,162.5,154.6,138.3,210.7,204.2,212.2,215.5,215.6,211.7,197.4,219.6,223.6,225.7,225,222.2,220.9,211.5,222.7,230.7,220.5,227.3,233,228.3,192.3,154.5,160.5,161.3,149.9,164.2,158.1,142.7,198.4,206.6,208.4,217,219.8,219,204.4,168.5,173.2,177.3,175.6,172.8,172,164.1,244.2,248.9,247,247.8,249.9,242.1,230,207.9,212.3,219.5,223.2,226.2,226.8,210.2,187.2,185.6,179.2,178.9,190.3,198.1,192.8,192.6,199.4,208.4,214.7,214.5,209.5,204.1,231.5,233.9,237.7,240.9,244.6,242,225.3,184.5,188,196.1,196.6,204.2,197.7,178.7,187,191.6,189.5,194.7,193.9,190.9,185.5,253.3,248.6,255.2,257.9,259.2,253.5,239,188.5,195.2,188.8,190,196.5,196.1,182.3,235.1,228.9,233.5,234.8,239.3,237.8,223.6,136.3,137.1,145.7,153.5,156.5,155.1,147.2,207.6,207.5,206,213.3,219,215.2,201.9,236.2,226.9,220.8,228.3,236.2,232.3,214.9,213.2,215.4,216.7,225.6,226.8,222.3,207.3,191.5,183.5,172.9,188.5,195.2,188.8,190,214.5,199.8,182,187.8,186.6,184.1,197.1,159.9,165.2,171.6,171.4,168.5,166.9,155.8,237.1,239.4,242.5,240.4,243.4,244,231.5,213.1,218.6,223.4,223.3,229.9,215.2,205.1,175.5,197.4,199.3,175.5,179.1,180.8,173.7,184,195.8,204.2,204,205.2,199.3,205.6,233.6,233.9,239.1,239.5,238.3,230.7,214.3,167.4,165,172.9,174.5,179.9,177.1,169.7,171.9,174.9,172.6,170.5,179.2,177.7,167.9,237.2,245.1,244.5,251.9,248.5,247.7,237.4,184.6,192.6,195.9,195.4,191.5,183.5,172.9,243.7,247.8,248.6,246.5,242.8,226.7,218.6
Kerala,SR,72.7,73.6,73.4,75.4,75.4,74.9,68.2,67.9,68.9,67.4,69.9,72.4,69.6,64.2,68.5,70.3,71.6,72.6,72.4,72.1,65.5,82.3,79.5,74.8,80.7,81.9,80.8,75.3,67.8,69.3,70.2,70.3,71.4,71.4,71.7,64.6,64.4,63.5,60.6,62.3,65,60.3,68.8,70.1,70.9,70.8,70.6,70.2,64.3,85.6,88.1,79.6,85.1,84.1,81.7,77.6,72.1,74.2,75,74.1,75,73.7,67,62.9,63.4,61.7,65.6,65.6,66.1,60.2,63.9,66.2,68.5,65.4,67.7,67.5,70.5,72,73,73.5,73.8,74.2,72,64.2,84.7,86.3,86.4,86.7,86.5,85.9,79.3,75.2,77.1,78.2,77.8,77,77.6,71.5,71.4,73.2,74.2,75.9,76.1,77.2,70.3,77.6,79.3,79.7,80.6,80.5,79.2,71.9,71.9,72.5,66.9,72.7,74.4,73.6,66.5,71.4,70.2,68.8,68.1,70.2,71.3,65.1,60,60.7,62.7,65.7,65.6,66.3,62.2,79.3,68.5,77.4,78.4,84.3,84.3,79.3,69.9,75.3,69.9,66.7,65.7,66.6,67.5,63.3,65.9,65.6,65.1,64.9,62.4,57.2,62.7,63.9,65.1,66.6,68.3,64.6,61.2,85.2,86.8,87.7,89.4,82.8,81.2,77.8,73.3,75.7,74.9,76,76.3,74,65.3,65.6,67.4,67.2,65.7,63.9,64.6,58.4,69.6,71.7,71.3,70.7,70.6,69.9,70.3,72.1,72.6,71.5,71.6,71.9,72,65.8,80.3,83.3,83.3,81.4,82.2,82.6,77.5,72.7,75.2,76.6,76.9,75.1,74,68,75,75.8,73.3,72,66.7,66.7,63.4,63.7,63.3,65.6,70.1,71.2,72.4,74,77.3,77.4,76.5,75.3,74.7,76.9,71.1,68.7,67.1,69.8,71.2,71.7,70,64.7,67.7,69.2,68.4,68.6,70,70.3,66.3,83,84.5,84.7,85.3,84.5,81.7,70,70,69.2,66.6,61.3,60.5,56,83,87.3,82.4,76.5,69.2,74.9,69.5,68.7,69.6,67.7,67.4,67.9,67,61.8,66.9,67.9,67.1,66.3,66.4,66.1,58.8,85.3,85.1,84.6,83.4,83.6,81.5,78.2,69.3,70.4,70.2,70.1,71.4,72.3,67.8,55,58.6,59.4,58.1,62.5,63.8,60,67.9,70.8,70.8,70.6,69.5,71,72.1,67.9,69.7,70.8,71.4,72.6,72.1,65.4,79.9,80.8,80.7,81.2,80.9,79.8,73.9,72.9,73.2,74.3,74.8,75.9,76.1,70.1,65.8,67.2,64.6,64.5,69,71.9,69,68.6,72.5,72.2,72.7,73.2,71.9,71.2,73.8,75.1,76,78.2,77.6,78.5,71.9,70.6,71.5,72.5,72.6,72.4,70.4,63.4,67.1,64.5,58.9,61.2,65.2,67.2,63.1,80.3,81.1,82.6,82.9,82.5,81.6,75.6,69.2,68.6,66.1,67.2,70.1,72.2,65.6,85.7,84.8,84,86.4,87.3,88.6,83.3,66.3,68.7,72.1,71.7,70.2,68.6,62.8,63.2,59.8,59.9,64.4,66.2,67,60.3,84.4,86.1,84,83.1,83.6,84.6,78.8,73.7,74.4,66.7,73,73.4,70.9,63.2,72.8,72.7,65.4,69.2,68.6,66.1,67.2,65.5,64.7,62.8,63.8,64.2,62.9,66.8,66.9,69.4,71,70.7,71.5,69.6,62.4,76.4,78.9,79.2,79.5,80.4,78.3,72.3,71.1,73.6,74.5,74.9,74.8,73.4,66.6,79.6,82.5,75.9,77.8,79.1,78.7,65.8,69.1,74,72.4,68.1,69.8,71.3,72.7,73.3,74.3,75.6,75.4,75.4,73.4,67,70,69.8,70.2,69.8,68.7,69.8,64.7,64.9,65.9,65.2,65.1,65.5,67,62.6,78.9,79.9,80,79.2,79.4,79.5,73.9,76.4,77.1,75.2,73.4,72.8,72.7,65.4,84.7,85.3,86.4,84.7,83.9,85.1,78.7
Tamil Nadu,SR,268.3,285.2,270.3,286.8,298.3,294.2,279.2,280.4,290.8,270.5,298.4,314.1,305.9,288.7,301.4,313.9,321.5,325.8,325.4,311.5,295.3,340.6,332.7,298.4,330,347.2,346.6,329.5,242.7,244.1,245.2,243.9,246.5,250.2,250.6,201.2,218.6,221.8,230.7,245.8,253.6,243,295,297.2,304.7,301.5,302.2,294.6,282.4,345.5,356.2,345.2,349.5,343,336.8,313.7,296.7,307,302.4,308,314.3,306.3,282.7,284.8,302.4,312,310.8,307,303.6,278.7,228.7,230.9,236.3,221.8,228.8,234.4,245.3,269.1,280.8,280.3,265.8,264.7,250,211.8,345.9,341.9,350.1,346,351.1,349.3,327,318.5,327.6,332.8,335.5,340.9,334.6,312.9,329.9,347.7,330.3,334,337.3,339.7,319.5,311.6,323.8,325.6,328.3,329.1,326.4,302.8,277.7,285.9,261.1,272.4,271.4,276.3,259.2,280.4,282.4,282.3,280.9,293.5,291.6,274.7,297.9,299,312.3,312.5,300.7,305.3,284.4,324.7,323.2,337.7,342.2,352.2,352.2,325.7,276.5,302.6,290.7,256.3,245.9,244.7,244.5,253.7,257.5,262,259.4,266,241.5,195.7,278.2,281.6,289.8,294.9,298.9,283.2,272.9,348.9,359.7,364,365.3,355.5,351.6,328.3,283,294,297.4,302.3,300.3,299.5,270.3,282,281.3,283.3,279.8,284.2,284.2,261.3,253.7,255.6,255,260.5,261.7,260.8,259,282.8,291.4,290.2,279.1,273.6,267.5,244.6,338.2,348,349.7,339.8,347.6,349.2,328.1,319.7,330.9,326,323,321,318.7,294.7,347.5,354.1,355.5,348.5,336.7,336.7,310.1,277.3,270.5,274.7,296.7,302.2,306.5,311.9,311.3,317.5,321.5,319.1,314.8,316.4,291,255.2,266.2,270.6,274.3,281.8,268.8,254.8,276.8,274.6,282.1,277,287.2,282.9,264.6,337.6,346.2,347.2,345.6,348.3,339.8,303.6,312.7,324.5,318.3,308.9,291.4,282.4,352.6,362.1,360.3,306.4,329,330.5,304.2,301.2,292.1,282.1,266.3,276.9,264.2,249.8,275.1,240.3,227.9,238.1,265.1,268,264.6,341.5,344.4,339.4,343.8,348.3,335.7,320.9,294.7,287,238.5,227.2,246.6,262.1,246.7,306.7,312.4,306.8,286,301.6,272.1,260.2,228.2,239.1,243.8,248.2,252.5,254.9,259,286.3,293.5,295.1,297.1,288.3,273.6,260.2,340.7,343,340,341.4,340.8,339.5,313.3,301.7,309.9,310.6,313.9,321.4,315.8,301,327.3,332,337.6,338.7,339.2,332.9,330.6,289.3,303.8,296.7,296.1,302.7,303.5,296.5,304.3,310,311.9,315.1,324,307.8,296.6,258,274.8,278.4,287.5,283.2,256.1,223.8,318.2,329.9,313.2,289.2,291.4,288.8,262.3,328.5,326.4,333.6,340.6,341.5,339.2,311.7,336.8,338.4,327.8,327.2,334.7,322.9,294.6,349.6,359.6,362.8,362.1,365.4,361.5,332.8,268.8,288.2,312.9,318.7,323.6,320.9,284.9,285,296.5,296.1,293.2,295.2,290.2,275.1,349.6,343.7,330.9,332.9,342.2,352.7,326.3,290.7,291.7,298.3,298.3,298.5,298.1,279.3,347.2,336.3,317.2,336.8,338.4,327.8,327.2,245.5,247,235.1,237.5,224.4,207.8,222.7,264.6,283.1,295.3,295,289.9,281.2,262.4,334.5,343.9,344.3,347.7,349,344.7,319.5,296.5,303.4,310.3,311.4,318.9,313.6,291,328.4,343.5,324.2,331.6,339.9,337.3,312,250,263.3,271.8,279.6,281.7,288.1,292.4,298.9,311.3,311,312.9,314.7,314.6,295.9,230.6,242.5,251.7,254.2,257.7,250.4,229,276.8,286.3,291.3,296.9,303.7,307.3,290.2,323,334,337.3,336.3,339.7,332.2,309.7,334.9,339.7,342.8,346.7,347.2,336.3,317.2,342.7,350.4,357.3,356.9,355.1,353.5,323.7
Pondy,SR,6.3,6.5,6.4,6.6,7.2,7,6.5,7.6,7.9,7.1,8,8.4,8.3,7.4,7.6,7.7,8.2,8.3,8.3,8,7.6,8.9,9.1,6.6,7.4,8.6,8.8,8.4,4,4.2,4.2,4.2,4.3,4.3,4.3,5.5,6.3,6,6.1,6.4,6.8,6.3,7.1,7.3,7.2,7.2,7.1,6.6,6.5,9.2,9.4,8.9,9.3,9.2,8.6,8.2,7,7.4,7.9,7.4,7.4,7.6,6.7,7.7,8.2,8.4,8.6,8.5,8.4,7.4,4.5,5.2,5.4,5.4,5.7,5.4,6.2,6.8,7,7.2,7.1,7.3,6.9,5.8,8.5,8.4,8.4,8.5,8.4,8.4,7.8,7.6,7.7,7.9,8.1,8.1,7.8,7.4,8.4,8.8,8.6,8.5,8.6,8.6,8.1,7.5,7.9,8,7.9,7.8,7.8,7.1,6.8,6.7,6.4,6.8,6.8,6.7,6.2,7.6,7.5,7.3,7.4,7.7,7.8,7.3,7.7,7.8,8.5,8.5,8.4,8,7.4,8.9,9,8.9,9.1,9.1,9.1,8.3,6.1,7,5,4.2,4.1,4.1,4.1,7,7.2,7.3,7.1,7.7,7,5.3,6.9,7,7,7.1,7.2,6.4,6.5,8.8,9.1,8.8,9.3,8.5,9,8.5,6.9,6.9,7,7.1,7.5,7.3,6.3,7.5,7.4,7.7,7.4,7.5,7.9,7.4,5.4,5.7,5.6,5.8,5.7,5.8,5.6,7.2,7.4,7.4,7.2,7.2,6.9,6.3,7.9,8.3,8.4,7.5,8.2,8.7,8,7.5,7.8,7.7,7.7,7.8,7.8,7.2,8.9,9.2,9,9.1,9.7,9.7,8.7,6.8,7,6.9,7.7,7.8,8.2,8.1,6.9,7.3,7.5,7.5,7.7,7.4,7.2,6.8,7,7.1,7.1,7.1,6.9,6.3,7.4,6.9,7.5,7.4,7.4,7.5,7,8,8.3,8.3,8.3,8.5,8.3,7.6,8.2,8.4,8.3,7.8,7.9,6.5,8.5,8.7,8.7,7.2,8.7,9.2,8.4,8.2,7.7,7.5,7.4,7.5,6.9,6.6,7.4,6.5,6,6,6.7,7,6.5,9,8.9,9.4,9.2,9.2,9,8.3,7.1,7.1,5.7,5.2,5.4,6.1,6,8.5,8.6,8.1,7.3,7,6.9,6.5,4.5,4.7,4.8,4.9,5.1,5.2,5.5,6.5,7.6,7.6,7.6,7.4,7.4,6.7,8.1,8.3,8.2,8.2,8.7,8.1,7.5,7.1,7.4,7.3,7.4,7.5,7.5,6.9,8.7,8.8,9.2,8.9,8.8,9.1,8.5,7.1,7.7,7,7.2,7.3,7.6,7.4,7.5,7.4,7.7,7.7,7.8,7.6,6.8,6.9,7.2,7.1,6.5,7.3,6.8,6.1,8.3,8.8,7.9,7.4,7.3,7.4,6.8,7.7,7.1,7.9,8.4,8.3,8.2,7.6,8.9,8.3,8.2,8.1,8.2,7.6,6.9,8.6,8.8,8.9,8.9,8.9,8.9,8.1,6.8,7.8,8.2,8.2,8.4,8.3,7.6,7.5,7.2,7.4,7.6,7.6,7.9,7.3,8.9,8.7,8.4,8.1,8.7,8.9,8.5,7.2,7.4,6.9,6.4,7.3,7.2,6.7,9.5,9.5,8.7,8.9,8.3,8.2,8.1,4.4,4.5,4.6,4.7,4.6,4.6,4.7,6.9,7.1,7,7.2,7.6,7.6,7,8,8.5,8,8.4,7.8,7.2,7.4,7,7.2,7.3,7.4,7.6,7.4,6.7,9,9.1,8.8,9,9.2,9.2,8.2,5.8,6.4,6.6,6.9,7.3,7.4,7.3,7.2,7.3,7.5,7.5,7.5,7.6,6.9,6.4,6.5,6.5,6.7,6.6,6.7,6.2,7,7.1,7.1,7.9,7.9,8.2,7.7,7.5,7.9,8.1,8,8.5,8.2,7.4,8.4,8.7,8.9,9.4,9.5,9.5,8.7,8,8.4,8.5,8.5,8.7,8.6,7.9
Bihar,ER,82.3,82,82.9,77,76.4,75.3,76.2,56.4,69.9,76.2,82.3,87.7,88.2,93.7,93.5,98.9,106.1,105.5,106.7,109.1,111,101.7,105,102.1,100.1,82.8,80.4,87.9,65.3,69.4,71.2,77.4,78.3,76.1,75.1,79.7,80,79.4,82.6,82.7,79.5,77.9,72.2,72.6,74.7,73.6,73.3,74.1,74,105.3,108.7,107.7,92.4,80.5,99.7,88.8,79.9,80.6,76.8,80.6,78.9,76.8,78,109.4,111.8,115.4,117.8,117.6,117.6,117.9,67.3,71.9,67.1,74.1,83.8,70.2,71.3,66.6,68.3,68.7,69.3,69,69,66.8,79.5,62.1,72.8,78.7,81.5,84.1,85.1,72.5,73,62.3,63.8,69.1,70.7,71.3,109.3,113.8,99.1,95.6,103.1,101.1,100.3,64.5,61.2,63.8,69,69.8,68.2,70.8,72.2,71.6,75.4,75.2,77.7,76.1,80.2,98.1,98.1,89,69.5,70.4,53,43.5,104.2,97.4,88.2,90.6,97.1,91.9,91.4,93.5,89.4,98.1,99.8,99.6,99.6,94.2,68.2,63,69.9,72.7,73.3,76.3,67.3,84.4,82.6,80.2,74.1,70.3,71.1,77.9,75.3,75.8,68.7,63.7,71.2,69,69.8,106.2,107.3,105.8,96.5,104.7,102.3,101,78.2,79,81.6,79.4,79.7,78.7,82.8,104.7,110.7,111.8,114.5,110.8,100.7,103.1,80.8,70.2,64,72.8,75.3,71.8,73.6,68.6,67.8,67.5,68.2,68.7,67.6,67.8,76.7,78.3,76.4,72.9,74.6,75.5,77.1,70,68.5,69.4,71.1,73,70.6,73.1,108.7,106.4,106.7,108.4,109.2,80.4,97.7,101.6,105.9,102.2,93.3,81.6,92.5,98.6,75.3,74.8,76.1,76.5,76.2,64,70.2,64.1,65.4,71,67.3,71.7,71.5,73.4,108.4,93.4,79.2,96.1,104.5,98.8,93.1,71.7,72,73.4,74.1,75.2,68.6,89.3,95.7,97.7,104.5,106.1,105.8,109.9,92.8,88.5,69.1,81.1,86.6,89.8,92.3,92.9,92.2,93.3,95,95.5,88.1,83.8,76.7,74.5,73.9,75.3,76.7,75.1,76.2,104.2,100.3,100.2,99.5,103.1,103.6,106.3,83.8,82.5,80.7,77.1,74.2,73,75,110.7,96.5,99.9,104.7,108.1,107.8,104.9,82.8,88.8,91.6,70.3,82.7,82.9,81,74.8,71.3,69.1,69.7,72.7,71.2,69.4,75.2,75.2,77.2,76.4,78,79.4,78.2,70.9,72.1,68.5,69.8,70.8,66.3,68.4,96.9,90.2,87.6,86.7,108.2,106.1,110.7,87.5,68.2,91.4,97.8,97.1,100.6,101.9,77.5,77.6,77.1,76.1,75.6,74.8,77.4,67.6,70.3,67.9,69.1,53.8,54.9,63.9,113,103.6,109.1,106.4,102.7,104.2,108.6,67.3,66.1,65.6,69.3,66.9,52.5,66.8,78.9,69.9,76.5,59.2,69.9,70.2,71.2,79.5,70.9,75,85.6,89.7,90.8,85.3,94.4,86.3,81.3,91.3,93,93.6,92,71.7,74.6,74.9,78.6,77.4,74.4,75.7,88.1,92.8,98.6,100.3,105.7,106.1,105.7,80.1,79.7,79.5,70.5,80.2,79.9,82.1,107.8,101.6,83.7,78.9,69.9,76.5,59.2,74.6,73.4,76.5,79.1,82.8,83.2,84.4,79.4,75.1,74,74.4,74.6,75.7,75.8,67.6,71.9,71.4,73.1,71.7,70.8,73.3,73.5,74.3,75,73.4,55.7,55,70.3,93.8,104.1,109.2,104.2,104.5,107.1,105.8,81.8,84.7,70.8,74.7,71.3,76.1,85.7,77.3,77.8,77.4,77,79.6,76.4,75.9,65.3,66.1,65.1,66.2,67.6,66.8,67.6,121.4,117,112.6,115.3,116.8,115.6,112.6,72.1,73.1,73.5,73.5,67.3,64.8,71.1,104.7,92.6,99.3,106.2,107.8,101.6,83.7,75.7,83,82.9,85,85.4,70,61.7
Jharkhand,ER,24.8,25.6,26.3,23,22.6,23.9,23.3,19.2,21.8,23.3,24.3,24.8,24.8,24.8,22.1,22.3,24.1,23.8,25,24.8,23.8,27.5,25.9,23.2,25,21.4,18.7,23.8,21.9,22.8,23.4,23,23.3,24,24.1,24.3,23.6,22.7,23.8,24.4,23.9,23.6,21.6,23.9,24.3,25,24.8,24.4,23.4,28.2,28.5,28.2,26.3,24.8,25.3,25.1,26.3,26.3,24.2,26.1,25.6,24.1,24.7,23.9,24.8,25.3,24.9,27.8,27,25.9,20.4,20.4,20.3,21.4,22.5,21.8,22,24.4,24.7,24.2,24.1,24.3,24.5,23.6,24.7,23.1,23.9,23.8,23.8,23.8,24,17.4,21.1,21.1,20.7,21,23.3,22.9,25.3,25.6,24.3,21.6,25.2,25.3,25.7,22.2,21,22.1,22.3,23.8,24.1,23.9,25.9,24.1,25.1,24,25.1,24.5,25.2,26.6,24.1,22.4,21.8,22.1,20.1,19,27.1,24.8,22.5,22.7,23.2,22.2,21.8,23.4,24.1,25.1,26.5,27.4,27.4,26.5,21.5,23.2,23.9,24.2,23.2,23.7,23,22.4,23.9,23.6,20,19.9,22.9,24.5,22.8,24.5,24.5,24.6,22.7,23.5,22.3,28.4,28.7,27.5,25.2,26,26,26.2,25.3,26.2,25.9,25.6,26,26.4,26.6,22.1,24.2,26.2,25.8,24.8,24.7,23,24.4,22.6,18.8,20.6,19,21.1,22.3,23.8,23.9,24.1,24.3,24.2,24.6,24.1,20.6,22.4,23.6,21.9,21.2,22.6,22.9,22,22.9,22.1,23,22.3,22.9,23.7,27.2,27.3,26.6,25.6,22.8,21,24,26.3,26.9,26.5,19.3,17.4,23.5,27.3,24,23.9,23.6,23.7,24.5,24.3,23.6,22.4,24.2,23.9,24,24.6,25.2,25.3,25.1,25.1,25.4,26.2,26.6,25.7,26.4,23.7,24.5,24.4,23.9,22.9,23.3,26.4,26.5,25.6,25.8,26.1,26.9,27.4,24.6,26.6,22.6,23.5,19.7,22.6,21.1,24.2,24.1,24,24.7,25.5,24.4,22.3,24.8,21.4,22.8,22.4,21.7,21.7,23.2,26.5,23.7,25.5,26.3,28.9,28.6,27.8,24.6,24.8,24.9,25.4,25.2,24.3,24,24.5,22.9,23.2,24.5,25.2,24.4,21.8,22.7,24.8,23.5,21.8,23.5,24.6,24.4,23.9,23.6,23.9,24.7,24.7,23.8,23.9,23.9,24.7,24.1,22.1,20,20.8,20.1,23.8,24.2,23.8,23.9,22.2,19.5,22.4,27.3,27.2,24.6,23.1,26.8,27.3,26.4,20.5,20.3,22.6,23.6,22.3,23.2,25.9,25.9,25.2,24.9,24.6,23,23.5,23.5,24.4,24.5,24.8,24.5,24,23.2,21.8,25.3,23.6,25.5,23.4,24.9,25.8,26.2,23.6,23.9,22.8,22.2,23.3,18.1,21,23.5,23.2,22.8,22.6,23.9,25.2,25.2,18.7,20.9,22.5,22.9,23.9,20.7,24.3,23.2,20.5,20.9,23.2,23.8,22.2,24.3,23,24.6,24.4,24.8,24.4,24.6,24.8,25.3,26.7,26.7,27.5,27.4,26.8,28.9,24.6,24.2,25.6,23.9,24.4,24.6,24,23.4,22.6,21.5,23.5,23.2,22.8,22.6,22.7,22.7,22.9,20.5,21,22.3,22.6,23.6,24,24,23.7,23.9,23.4,23.4,22.8,23.7,23.5,23.9,23.5,23.6,23.6,22.8,23.6,23.7,23.6,20.8,20,22.1,19.6,24.8,26.7,27.5,25.8,26.8,27,23.7,23.5,22.6,18.1,21.5,22.9,22.8,25.8,25.2,25.2,25.1,25.7,25.4,25.4,23.7,23.6,23.8,24.4,23.8,23.8,24.3,24.2,25.4,25.1,25.4,25.9,24.5,23.2,24.2,22.9,21.7,20.3,21,20.9,22.5,23.4,20.2,21.9,22.7,23.4,22.6,21.5,22.8,24.3,26.3,25.2,24,19.3,17.7
Odisha,ER,70.2,67.9,66.3,65.8,62.9,64,63.6,86.6,78.8,78.4,82.4,84.3,85.7,82.1,82.6,85.9,89.1,98.1,96.5,97.6,97.2,97.1,98,97.1,87.7,51.1,55.8,62,80.1,76.1,77.3,73.2,72.8,70.7,70.3,76.6,77.4,80.1,78.3,83.3,84.1,84,82.3,80.3,76.4,75.6,73.5,74.4,73.3,96.5,89.5,86.6,91.6,96.6,96.8,85.8,70.1,71,71.5,71.2,70.1,70.1,75.1,87.6,88.5,84.8,89.2,94.8,95.7,96.9,59.5,63,66.1,65.5,67.5,67.4,70.2,72.1,74.4,73.8,74.5,74.9,77.5,83.8,87.1,98.4,98.7,90.5,90.8,91.3,83.1,76.4,75,77.4,75.9,75.3,86.2,86.8,91.1,92.9,97.7,96.4,88.4,90.4,88.4,70.3,71.7,70,67.5,69.5,69.2,67.4,65.7,66.9,65.6,65.3,66.2,70.3,71.6,89.7,95,89.4,87.6,84.1,83.2,78.9,98.7,102.5,97.4,86.9,86.2,87.9,89,79.9,90.8,92,95.4,96.5,96.5,94.6,66.5,69.1,74.7,79.1,82.7,80.7,82.8,83.8,85.8,79.8,70.8,70.5,73.9,76.1,67.6,81.9,81.8,73.5,75.4,84.1,82.2,93.9,85,81.5,94.3,92,91,90.7,69,68.4,70.3,71,69.5,70.4,70.1,89.8,96.4,107,99.8,95.2,94,87.8,69.7,78.2,64.7,63.6,67.3,56.5,55,66.7,73.6,74.9,74.8,74.1,73.8,72.1,75.7,85.3,85.1,81.6,80,83.3,84.9,74.6,76.8,77,78,80.6,83.1,82,87.4,82.8,92.9,102.3,82.2,79.8,84.3,81.3,83.4,74.2,57.4,70,77.2,84.5,71.6,71.1,73.3,74.6,71.5,71.6,70.6,68.4,68.9,69.3,66.7,67,65.8,66.4,105.3,103,105.7,109.6,105,93.3,86.8,79.4,79.6,80.3,69.3,64.8,71.6,107.6,103,91.6,101.1,96,95.5,95.3,95.1,93.8,90.5,91.2,80.7,79.9,80.9,89.9,84.4,80.8,81.5,81.7,88,90.4,71.5,71.9,73.8,71.8,72.8,74,73.3,91,81.6,81,82.2,90,94.9,92.6,66.2,68.2,67.8,65.6,67.9,68.4,68.4,94.1,91.3,93.9,96.6,103.9,104.5,89.8,72.8,74.8,78.5,77.8,76.2,77.9,69.4,73.3,78.4,70.4,65,65.2,66.7,64.2,88.4,88.8,86.2,86,85.5,84.3,81.3,72,73.7,74.1,83.9,83.6,68.2,74.9,94.2,105.6,102.9,82.2,92.3,87.1,77.4,74.9,76.9,80.4,80.4,81.9,81.2,81.3,80.6,80,77.8,78.5,73.6,71.2,71.1,75.1,76.7,76.5,76.4,76.2,79.8,75.8,95.7,99.2,98.5,96.5,98.9,100.1,102.8,73.1,72.4,74.9,75.8,76.4,78.1,75.4,84,85.1,89.5,88.3,89.7,90.6,92.4,85.9,83.2,89,89.5,89.3,91.4,93.6,79.7,77.2,76.7,78.3,90.7,86.2,87.6,71.6,70.4,68.9,68.3,70.8,71.2,68.3,66.7,74,80.3,82.2,83.3,87.7,83.5,64.2,66,64.6,65.2,65.4,65.2,65,81,79.7,80.6,84,85.1,89.5,88.3,69.1,71.4,69.4,63.8,63,69.4,70.5,78.9,75.9,74.4,71.2,66.3,60.4,72,88.8,81.4,79,78.6,80.9,85.1,83.3,74.2,72.9,74.8,73.6,74.9,72.4,72.1,80.5,88.1,89.1,81.3,89.4,88,91.6,78.2,76.2,80.6,69.7,72.6,73.6,74.7,76,69.9,68.9,71,72,77,84.3,85.4,86,79.4,75.1,75.8,74,73.8,94.8,91.1,93.6,93.6,90.3,89.4,91.4,72.4,71.6,69.9,69.3,67.8,68.6,71.4,76.5,74.6,80.4,81.6,81,79.7,80.6,81.3,95.3,105.7,112.3,113,111.6,95.1
West Bengal,ER,108.2,110.2,106.8,107,106.4,109.3,102.9,131.7,140.1,149.8,154.7,155.3,143.9,143.4,152.9,167.7,175.9,180.6,178.9,178.9,173,183.4,175.5,161.2,169.5,135.6,103.6,131.5,125.7,126.1,128,127.6,131.6,136.8,138.9,115.4,115.1,117.4,123.7,124.9,123.3,116.8,124.4,125.4,126.8,128.6,132.4,127.1,119.8,185.5,186.1,198.1,189,175.9,176,153.4,113.9,119.5,114.1,120.5,118.9,119.8,111.4,163.7,167.1,170.3,173.5,178.5,177.2,165.2,98.4,97.7,91.6,97.1,106.8,101.9,95.6,107.5,110.8,113.4,113,114.1,115.6,102.1,152.1,145.2,145.8,160.1,172.7,164.2,158.4,111.8,112.5,109.7,109.3,115.4,113,109.4,183.4,195.2,181.6,182.4,175.9,176.3,162.5,116.3,113.5,115.4,119.7,119.9,120.5,111.1,106.8,111.8,110.3,109.6,107,111.1,100.7,166.7,153.1,139.1,142.8,140.9,133.4,122.6,194.3,192.2,180.5,174.5,172.5,166,151.3,151.5,160.4,170,181.2,178.9,178.9,177.7,100.4,114.7,106.4,107.8,111.8,117,125.2,158.2,159.6,149.6,124.8,110.6,116.3,113.9,120.6,124.5,125.7,127.2,124.9,114.8,112.4,184.1,193.3,192,172.7,184.2,155.6,154.9,112.2,122.3,118.8,118.3,121.4,119.1,107.5,151.8,166.7,180,184.4,168.6,161.6,151.5,118.8,118.4,82.4,95.1,99.8,93.3,97.8,110.8,111.2,114.1,112.6,114.2,113.9,102.9,129.3,144.4,148.9,136.7,136.4,140.5,137.4,120.4,127.1,116.3,137,139.4,139.5,131.2,187.7,176.5,192,184.5,175.3,170,163.8,149,157.7,148.2,75.1,51.5,78.3,102.9,121,125.4,124.2,124.8,130,124.9,113.2,109.9,112.9,111.2,112.4,109.4,112.6,104.1,175.3,174.9,164.1,172.8,183.4,176.2,162.8,129,142,142.2,141.3,140.2,135.2,181.7,180.8,183.8,194.7,188.9,190,182.7,171.1,178,162.6,170.5,166,164.3,155,141.5,148.2,141.6,154.3,161.1,164.8,156.5,114.3,116.8,121.4,117.2,121.5,122.6,111,174.5,157.1,166.7,184.1,192.9,192.9,172,110.9,113.8,111.2,113.8,115,116,107.4,164.8,150.5,152.2,138.2,157.1,151,144.9,130.3,143.3,151.4,137.6,127.2,130.9,125.8,109,115.2,115.8,112.3,117.8,115.7,106.1,137.9,148.7,153.4,156.5,143.7,142.6,133.5,118.7,126.9,128.7,129.3,130.4,124.7,114.6,186,186.4,184.3,168.4,190.8,180.4,177,131.3,120,138.7,140.3,143.5,145.2,151.7,119.7,120.9,123.3,122.5,121.7,120.6,115.9,110.4,114.3,113.5,114.3,113.2,112,108.3,166.9,173.9,174.3,162.9,160.9,166.7,164.9,100,101.1,114.5,123.8,132.2,129,113.1,164.1,170.8,168.6,164.9,152.9,169.5,169.2,138.4,133.3,135.1,165.8,171.8,171,164.5,128.2,120.5,118.3,128.2,140.5,141.4,139.1,117.9,112.6,108.2,114.2,115.4,114.2,104.1,164,183.5,194.5,194.6,198.5,191.8,176.8,106.4,109.1,106.8,109.6,110.9,110,103.3,177.9,161.8,144.9,164.1,170.8,168.6,164.9,140.1,134.7,139.9,136.4,124.2,137.3,142.5,125,128.1,125.3,118.6,117.2,99.6,91.1,119.2,120.3,121.8,123.3,126.7,129,121.8,123.7,129.7,132.3,129.6,131,124,111.6,152.9,167.4,155,155.6,160.6,166.4,174.5,103.2,120.1,127,107.4,116,112.9,130.7,113.4,121.4,119.9,120.7,121.4,120.2,111.2,108.5,110.9,110.1,110.4,110.8,114.1,107.6,171.8,178.4,172.2,171.8,170.8,168.4,153.1,120.1,115.5,111.4,115.5,114,109.7,104.9,167.6,164.7,164.8,176.1,177.9,161.8,144.9,145.8,168.7,172.6,174.4,169.8,145.5,110.4
Sikkim,ER,2,1.9,1.7,2,2,1.5,1.6,1.1,1.1,0.8,1,1,0.9,0.7,0.7,0.8,0.8,0.9,0.9,0.8,0.6,1.1,1.2,0.9,1.2,1.3,1.1,1,1.1,1.2,1.3,1.1,1,1.3,1.2,0.7,0.7,0.9,1.1,1.2,1.2,1.1,1.3,1.5,1.6,1.5,1.5,1.4,1.2,1.3,1.3,1.1,1,1.2,1.2,0.9,2.1,2.2,2.2,2,2,2.1,1.9,0.8,0.9,0.9,1,1,0.9,0.6,1.1,1.4,1.3,1.3,1.3,1,1.3,1.5,1.6,1.6,1.6,1.5,1.4,1.2,1.3,1.5,1.5,1.4,1.3,1.3,0.8,1.2,1.3,1.6,1.2,1.4,1.5,1.3,1.2,1.1,1.2,1.3,1.3,1.2,1,1.4,1.6,1.7,1.5,1.6,1.6,1.3,1.9,2,2,2.2,2.1,2.1,1.9,1,0.9,1,1,1,1.2,1.2,1.3,1.2,1.2,0.9,0.9,0.8,0.5,1.2,1.3,1.4,1.4,1.2,1.2,1,1,1.4,1.5,1.4,1.3,1.3,1.3,0.9,1.1,1.1,1.2,1.2,1,0.8,1.3,1.7,1.4,1.3,1.4,1.2,1.1,1.1,1.1,1,1.1,1.1,1.2,1.1,1.8,1.9,1.9,2.1,2.7,2.8,2.1,0.9,1,1,0.8,0.7,0.8,0.6,1,1.3,1.3,1.4,1.5,1.5,1.4,1.3,1.5,1.4,1.8,1.9,1.9,1.2,0.9,1.1,1.2,1,1.2,1.2,1.1,1.5,1.5,1,1.4,1.6,1.6,1.1,1.2,1.2,1.3,1.3,1.3,1.3,1,0.9,1.3,1.2,1.2,1.1,1.3,1.3,1.8,1.8,1.9,1.8,1.8,1.7,1.4,1.7,1.8,1.8,1.9,1.9,1.9,1.7,1,1.1,1.2,1.1,1,1.1,0.8,1.4,1.4,1.4,1.4,1.3,1.4,0.7,0.5,1,1.2,1.5,1.2,1,1.2,1.2,1,1.1,1,1.2,1,0.8,0.9,0.8,0.9,0.9,0.9,0.8,1.6,1.3,1.4,1.4,1.4,1.3,1.1,1.1,1.2,1.1,0.9,1.1,1.1,1,2.1,1.9,1.9,1.9,2,1.2,1.6,0.8,0.8,0.7,0.5,0.8,0.9,0.6,0.9,1.2,1.2,1.3,1.2,1.2,1.1,1.2,1.3,1.5,1.4,1.3,1.4,1.1,1.5,1.4,1.3,1.3,1.1,1.2,1.1,1.2,1.3,1.4,1.4,1.5,1.3,1.3,1.2,1.2,1.4,1.3,1.3,1.1,0.9,1.1,1.3,1.3,1.4,1.3,1.2,0.9,1.9,1.9,1.8,1.9,2,2,1.7,1.7,1.8,1.8,1.8,1.8,1.7,1.6,1,1.1,1,1,0.9,1,0.7,1.3,1.1,1.4,1.4,1.4,1.4,1.2,1,1.3,1.1,1.2,1.1,1,0.8,1.3,1,1.3,0.8,1.2,1.1,1.1,0.5,0.3,0.4,0.6,0.6,0.7,0.5,1.3,1.4,1.4,1.4,1.4,1.4,1.4,1.2,1.1,1.1,1.4,1.3,1.3,0.9,2,2.1,2.1,2,2,2,1.7,1.2,1,0.8,1,1.3,1.1,1.2,1,1.3,1.4,1.2,1,1.1,1.2,1,1.2,1.3,1.1,1.3,1.3,1,1.6,1.5,1.6,1.4,1.4,1.4,1.2,1.4,1.4,1.5,1.4,1.3,1.3,1.1,1.2,1.1,1.1,1.2,1.2,1.2,1,1,1.3,1.4,1.3,1.2,1.3,1.4,2,1.9,2,2,2.1,1.9,1,1.5,1.7,1.7,1.6,1.7,1.7,1.4,0.9,0.9,1,1,0.9,1.2,0.8,1.4,1.5,1.7,1.7,1.4,1.5,1.3,1.1,1.2,1.2,1.2,1.2,1,0.8,1.1,1.3,1.4,1.5,1.4,1.2,1.2
Arunachal Pradesh,NER,2.1,2.2,2.2,2.2,2.2,2.2,2.3,2.1,2.1,2.1,2.1,2.1,2.1,2.2,2.2,2.2,2.5,2.4,2.1,2.2,2.3,2.2,2.3,2.2,2.2,2.2,2,1.8,1.8,2,1.5,1.5,1.5,1.4,1.5,2.2,2,2,1.8,2.1,2.1,1.9,2.2,2.1,2.2,2.2,2.2,2.2,2.2,2.2,2.1,2.2,2.1,2.1,2.2,2,2.2,2.2,2.1,2.1,2.5,2.2,2.2,2.3,2.3,2.2,2.2,2.3,2.4,2.1,1.4,2,1.5,1.5,1.4,1.5,1.7,2.2,2.1,2,2.1,2.1,2.2,2.1,2,2.2,2,2.1,2.3,2.3,1.8,1.9,2.2,2.2,2.3,2.1,2.1,2.1,2.4,2.3,2.3,2.2,2.2,2.3,2.2,2.3,2,2.2,2.1,2.1,2.1,2.1,2.4,2.2,2.2,2.2,2.3,2.2,2.1,2,2,2.1,1.4,1.9,2.3,2.2,2.2,2.3,2.4,2.3,2.3,2.3,2.3,1.9,2.2,2.1,2.2,2.3,2.3,2.1,2.1,1.9,2,2.1,2,2,1.9,2,2,2.2,2,2.1,2.1,2.2,2.2,2.1,2.1,2.4,2.3,2.2,2.2,2,2.1,2.2,2.1,2.2,2.3,2.2,2.4,2.1,2.1,2.3,2.3,2.1,2.3,2.3,2.2,2.4,2.6,2.6,2.4,2.1,1.4,1.4,1.1,1.4,1.3,1.4,1.3,2.1,2.1,2.1,2.1,2,2.1,2.2,2.2,2.1,2.1,2,2,2,1.9,2.2,2.2,2.2,2.2,2.2,2.2,2,2.4,2.4,2.3,2.2,2.3,2.2,2.3,1.9,1.9,1.9,2,2.1,2,1.5,2.5,2.2,2.2,2.3,2.1,2,2.1,2.1,2.1,2.1,2,2.1,2.2,2.1,2.2,2.1,2.3,2.3,2.2,2.1,2,2.1,2,2.2,2.2,2.3,2.2,2.4,2.4,2.4,2,2.1,2.2,2.2,2,2.1,2.1,2.1,2.1,2.1,2.1,2.1,2.1,2.3,2,2.1,1.9,2.1,2.1,2.2,2.1,2.2,2.2,2.3,2.3,1.8,2.1,2.1,2.2,2.3,2.2,2.1,2.2,2.3,2.2,2.3,2.2,2.2,2.2,2.2,2.2,2.1,2.2,2,2,2.3,1.5,1.6,1.7,1.2,1.3,1.4,1.4,2.1,2,2.2,2.1,2,2.1,2,2.2,2.3,2.4,2.3,2.1,2.1,2.1,2,2.1,2.2,2.2,2.2,2.2,2,2.3,2.3,2.2,2.2,2.2,2.1,2.2,1.8,1.9,1.9,2,2.2,2,1.9,2.2,2.2,2.2,2.3,2.2,2.3,2.2,2.1,2.1,2.3,2.1,2.1,2,2,2,2.3,2.2,2.1,2.2,2.2,2.1,2.2,2.1,2,2,2.1,2.2,2.2,2.5,2.3,2.2,2.3,2.2,2.1,2,2,2.1,2.1,2.2,2.3,2.2,2,2.3,2,2,2.2,2.6,2.4,2.2,2,2.4,2.1,2.1,2.4,2.2,2.2,1.9,1.9,2.1,2.2,2.1,2.2,1.8,2.1,2.2,2.1,2.2,2.2,2.4,2.3,2.2,2.1,2.2,2.5,2.3,2.2,2.3,1.5,1.5,1.5,2.1,2,1.4,1.7,2.1,2,2.2,2,2.1,2,2,2.2,2.3,2.2,2.4,2.4,2.3,2.4,2.2,2.3,2.2,2.2,2.3,2.1,2,2.2,2.2,2.1,2.1,2,2,2.2,1.3,1.4,1.3,1.8,1.9,1.7,1.8,2.2,2.2,2.3,2.3,2.2,2,2.7,2.3,2.3,2.1,2.1,2.2,2.3,2.1,2.5,2.4,2.2,2.4,2.3,2.3,2.1,2.1,2.2,2.1,2.1,2.2,2.3,2.3,2.3,2.2,2.2,2.4,2.2,2.1,2.2,2,2,2.1,2.1,2.1,2,2.1
Assam,NER,21.7,23.4,21.7,22.5,21.7,21.4,20.7,25.8,25.8,27.9,30.1,30.1,31.7,29.2,31.3,33.1,32.5,31.4,33,34.3,33.3,22.5,21.3,18.7,22.3,23.6,18.7,18.3,20,20.5,20.9,20.9,19.7,19.5,19.8,21.5,24.3,25.3,26.5,25.9,25.2,24.5,23.9,23.6,23.7,23.5,23.8,23.9,22.6,25.2,28,28.6,27,26.7,28.8,29.8,22.7,23.4,23.2,24.1,22,23,21.6,36.8,37,33.8,37.2,36.4,34.9,35.2,19.1,19.6,19.9,19.8,21.5,21.8,21.7,22.6,22.7,23.3,23.1,22.9,23,20.4,24.8,23.2,22.7,24.6,25.8,25.6,15.2,23.7,22.8,22.4,19.8,22.9,23.6,22.3,33.2,32.7,27.7,28.4,29.6,31.1,32.7,20.7,22.7,19.2,21,22.7,23.1,21.1,22.8,21.7,22.5,22.4,22.8,22.4,21.4,27.2,24.7,25.7,28.8,29.6,29.4,26.5,29.5,27.8,29.2,31.7,31.4,30.5,30.9,23.8,25.8,27.1,28.9,27,27,22,19,21.5,21.3,19.5,19.1,20.6,21,26.2,26.9,26.7,24.6,22.3,20.3,22.7,23.2,23.5,23.3,23.5,23.8,22.6,22.5,26,27.6,27.1,25.5,24.7,25,25.8,21.5,22.9,24.1,22.8,23.1,23.2,22.2,34.2,36,38,37.2,33.2,34.8,35.1,15.8,15.5,14.8,14.3,16.8,16.5,17,22.6,23.6,23.2,23.3,23.7,23.3,21.7,23.7,23.1,23.4,22.3,21.2,21.7,23.2,20.9,21.9,22.2,23.6,23.4,23.9,22.6,30.2,32.7,33.9,35.1,33.2,32,32.3,21.5,27.6,30.9,28.4,20.2,21.7,23.6,22.6,22.5,22.4,23.1,22.9,22.8,20,20.9,21.2,22,20.9,22.1,22.1,20.3,31.6,31.4,33.1,36.1,35.5,36.2,31.4,23.4,23.9,23.7,24.2,24.2,24,24.5,27.3,28.4,32,33.6,33,30.4,22.3,20.4,15.6,23.9,26.1,23.8,22.9,29.5,29.4,30,31,30.1,30.2,29.1,23.9,22.9,21.4,22.8,23.3,23.2,22.2,19,21.5,23.8,24.9,24.8,24.5,25.3,23.1,22.3,20.5,20.9,22,22.6,22.7,33.9,32.6,33.4,30.3,33.2,35.2,33.3,19.2,21.7,21.3,16.4,15.9,15.2,14.9,23.6,23.8,23.7,23.5,24.7,24.1,22.4,24.3,24.2,24.1,24.6,24.7,24,23.4,22.5,23.2,23.4,23.9,24,23.4,19.2,30.5,31.8,35.1,34.9,31,31.8,30,26.5,27.1,27.5,21.6,21.5,22.2,22.1,22.1,22.6,22.7,23.1,23.6,22.8,21.4,21.3,20,21.1,18.9,19,20.1,19.7,34.2,35,34.7,34.1,32.3,31.5,30.8,22.6,20.7,21.4,23.3,23.6,22.8,22.3,27.6,28.7,27.1,27.2,26.5,28.1,25.9,21.3,22.3,24.3,24.8,25.4,27.8,23.6,25.1,22,23.5,26.1,29.1,27.6,28,23,22.1,21.8,22.5,23,23.8,23.4,23,23.9,24.5,23.1,23.4,24.4,23.3,22.6,22.4,22,23,22.4,23.1,21.6,34,30.9,26.8,27.6,28.7,27.1,27.2,19.1,20.4,20.3,20.1,18.2,12.2,17.5,24.3,25.4,24.5,24.9,24.8,24.2,22.5,23.6,21.5,21.1,22.4,22.8,22.5,22.5,23.6,23.4,23.7,23.9,23.6,23.2,22.1,28.3,26.6,29.9,31.2,30.3,31.1,29.3,21.4,24.6,22.8,21.9,21.8,23,25,22.4,22.3,22.7,22.8,23.9,23,20.9,23.4,22,22.2,21.5,22.6,21.5,21.1,35.5,36.1,34,33.3,35.2,36,33.3,22.5,20.3,21.3,22.5,22.5,22.2,21,33,31.7,30.9,35,34,30.9,26.8,18,19.8,20.4,23.3,21.7,24.2,20.3
Manipur,NER,2.7,2.4,2.4,2.7,2.7,2.5,2.6,2.3,2.4,2.4,2.5,2.5,2.5,2.5,2.3,2.5,2.5,2.6,2.6,2.7,2.5,1.8,2.5,2.4,2.4,2.4,2.3,1.9,2.4,2.5,2.4,2.4,2.4,2.3,2.3,2.5,2.4,2.5,2.4,2.4,2.5,2.6,2.8,2.5,2.9,2.9,2.7,2.8,2.9,2.5,2.7,2.8,2.5,2.4,2.2,2.3,2.9,2.9,2.6,2.6,2.6,2.6,2.6,2.6,2.6,2.4,2.5,2.7,2.5,2.4,1.9,2.3,2.1,2.1,2.2,2.2,2,2.5,2.4,2.6,2.6,2.4,2.5,2.6,2.1,2.3,2.4,2.5,2.4,2.5,2,2.7,2.1,2.7,2.7,2.5,2.7,2.4,2.6,2.5,2.4,2.6,2.6,2.8,2.7,2.6,2.5,2.5,2.6,2.6,2.7,2.6,2.5,2.7,2.7,2.6,2.7,2.6,2.4,2.5,2.3,2.3,2.4,2.3,2.4,2.2,2.6,2.5,2.5,2.6,2.6,2.4,2.6,2.6,2.6,2.6,2.8,2.7,2.7,1.9,2.4,2.7,2.6,2.3,2.5,2.5,2.4,2.4,2.5,2.7,2.5,2.5,2.5,2.5,2.9,2.6,2.8,2.9,2.8,2.6,2.9,2.3,2.6,2.6,2.4,2.2,2.3,2.5,2.8,2.4,2.3,2.7,2.7,2.7,2.8,2.4,2.6,2.5,2.9,2.1,2.5,2.4,2.5,2.3,2.1,2.3,2.1,2.2,2.1,2.5,2.6,2.5,2.5,2.4,2.5,2.6,2.4,2.5,2.4,2.4,2.7,2.5,2.6,2.9,2.3,2.9,2.6,2.6,2.6,2.1,2.3,2.3,2.5,2.6,2.6,2.6,2.5,2.4,2.6,2.6,2.4,2.8,2.4,2.5,2.7,2.6,2.7,2.8,2.8,2.6,2.6,2.5,2.6,2.6,2.5,2.8,2.6,2.5,2.6,2.4,2.4,2.4,2.5,2.5,2.3,2.3,2.6,2.9,2.9,2.9,2.7,2.5,2.4,2.5,2.5,2.6,2.5,2.5,1.7,2.1,1.5,1.7,1.9,1.8,2.2,2.4,2.5,2.4,2.5,2.6,2.4,2.2,2.9,2.9,2.9,2.8,2.8,2.8,3,2.1,2.4,2.4,2.2,2.3,2.5,2.4,2.7,2.6,2.7,3.2,2.8,2.6,2.6,2.4,2.4,2.5,2.5,2.4,2.3,2.3,2.1,2,2.4,1.9,1.8,1.9,2,2.3,2.4,2.4,2.4,2.4,2.5,2.5,2.5,2.4,2.2,2.4,2.3,2.3,2.6,2.8,2.5,2.4,2.7,2.8,2.5,2.4,2.3,2.6,2.5,2.8,2.7,2.2,2.5,2.3,2.4,2.5,2.5,2.4,2.3,2.2,2.5,2.7,3,2.9,2.7,2.7,2.8,2.5,2.5,2.6,2.7,2.6,2.6,2.5,2.4,2.4,2.5,2.4,2.5,2.4,2.5,2.6,2.5,2.6,2.6,2.7,2.7,2.4,2.3,2.5,2.6,2.4,2.3,2.4,2.4,2.6,2.6,2.1,2.7,2.6,2.6,2.5,2.5,2.3,2.4,2.5,2.3,2.2,2.6,2.8,2.9,2.8,2.9,2.9,3,2.7,2.3,2.4,2.6,2.6,2.5,2.5,2.6,2.6,2.6,2.6,2.7,2.7,2.7,2.6,2.6,2.3,2.4,2.3,2.5,2.6,2.4,2.3,2.4,2.3,2.2,2.8,2.1,2.1,2.5,2.6,2.5,2.5,2.4,2.3,2.3,2.5,2.6,2.6,2.5,2.5,2.4,2.4,2.9,2.8,2.9,2.9,2.5,2.8,2.8,2.4,2.5,2.8,2.7,2.4,2.3,2.2,2.3,2.5,2.4,2.3,2.2,2.2,2.3,2.7,2.7,2.7,2.7,2.3,2.4,2.1,2.4,2.3,2.5,2.3,2.4,2.2,2.5,2.4,2.5,2.6,2.5,2.5,2.6,2.5,2.7,2.5,2.8,2.6,2.6,2.7,2.7,2.5,2.6,2.4,2.5,2.6,2.3,2.4,2.3,2.1,2.1,2.4,2.3,2.5,2.5
Meghalaya,NER,6.1,6.5,6.3,5.7,6.2,6.1,6.2,6,6.2,6.2,6,5.9,5.4,5.2,5.6,5.5,5.8,5.6,5.6,5.7,5.7,5.6,5.6,4.9,5.6,5.6,4.7,5,3.4,3.4,3.4,3.4,3.4,3.6,3.8,5.5,5.7,5.8,6,5.8,5.8,5.9,6.3,6.3,5.9,6.2,6.3,6.2,6.2,4.7,5,5.3,4.9,4.9,5.5,5.9,6.7,6.6,6.6,6.5,6.4,6.6,6.7,5.5,5.2,5.7,5.6,5.3,5.4,5.2,4.3,4.1,4.2,4.1,4.4,4.2,4,5.9,5.7,5.8,5.5,5.5,6,5.9,5.7,5.5,5.6,5.7,6,5.6,5.4,6.5,6.6,6.4,6.6,6.7,6.8,6.4,5.6,5.7,5.3,5.8,5.4,5.8,6,5.5,6,5.9,5.7,5.8,5.9,5.5,6,6,6.4,6.3,6.2,6.4,6.2,5.8,5.7,6.1,6.4,6.1,6.1,6.1,5.8,5.4,5.4,5.6,5.6,5.7,5.5,5,5.5,5.4,5,5.3,5.3,5.3,5.6,5.8,5.3,5,4.7,4.3,3.7,5.6,5.9,5.9,6.1,5.7,5.5,5.6,6.2,6.2,5.9,6,6.3,6.3,5.9,5.2,5.2,5.2,5.2,5.4,5.1,5.3,6.5,6.5,6.6,6.5,6.6,6.7,6.5,5.2,5.7,5.4,5.4,5.5,5.5,5.4,4,3.7,3.8,4,4.1,4.1,4.3,5.9,5.9,6,6,6,6.2,6.1,6.1,6,5.9,5.8,5.7,6.1,5.9,6.3,6.7,6.5,6.5,6.4,6.3,6.1,5.1,5.7,6,5.9,6,5.7,6,4.8,5,5.2,5,4.4,4.7,5.1,6.7,6.2,6.3,6.3,6.1,6,5.9,6,5.9,6,6,6.1,6.2,5.9,5.4,5.3,5.3,5.5,5.7,5.8,5.9,5.4,5.4,5.4,5.2,5.8,5.8,5.1,5.3,5.7,5.3,5.6,5.7,5.6,5.2,5.3,4.1,5.1,5.3,5.3,5.2,5.5,5.6,5.3,5.5,5.4,5.5,6,6.4,6.5,6.1,6.6,5.4,6.6,6.4,4.7,5.1,5.1,5.3,5,5.3,5.1,5.9,6,5.9,6.1,6,6.1,6.1,5.2,5.1,5.5,5.6,5.5,5.5,5.3,3.9,4.2,4.2,3.6,3.7,3.6,3.8,5.9,5.9,6,5.7,5.6,5.8,5.7,6.3,6.3,6.2,6.1,6.2,6.1,6.1,6,6,6.1,6,6.1,6.3,5.9,6,5.8,5.9,5.8,6.1,6.1,5.8,4.7,4.7,4.9,4.7,4.7,5.1,5.1,6.6,6.7,6.6,6.6,6.7,6.6,6.5,6.2,6,6.3,6,6,5.8,6,5.3,5.6,5.7,5.5,5.6,5.7,5.5,5.7,5.4,5.5,5.4,5.4,5.3,5.8,5.6,6,6.4,5.3,6.3,5.7,5.3,5.9,5.7,6.1,6.3,6.4,5.5,5.4,5.1,5.1,5.2,5.6,5.6,5.7,5.7,6.4,6.4,6.7,6.6,6.3,6.4,6.3,5.6,5,5.3,5.5,5.7,5.2,4.9,6.3,6.4,6.5,6.4,6.5,6.3,6.4,5.8,5.6,5.9,5.6,6,6.4,5.3,3.5,3.6,3.5,3.6,3.3,3.7,3.7,5.8,5.8,6,5.7,6,6.4,6.3,6.5,6.4,6.4,6.6,6.7,6.6,6.3,6.2,6.3,6.2,6.2,6.4,6.1,6.2,5.9,5.8,6,6,5.8,5.9,6,4,4.3,4.3,4.4,4.6,4.8,4.9,6.7,6.5,6.6,6.9,6.7,6.7,6.4,6,6,6,5.9,6,6,6.1,5,4.9,5.1,5.3,5.3,5.3,5.3,5.6,5.7,5.5,5.9,5.7,5.9,5.7,5.6,6,6.2,5.9,5.8,5.6,5.9,4.9,5.3,5.4,5.4,5.4,5.7,5.8
Mizoram,NER,1.9,1.8,1.7,1.8,1.9,1.8,1.8,1.7,1.7,1.8,1.8,1.8,1.8,1.7,1.8,1.8,1.6,1.6,1.7,1.8,1.8,1.8,1.6,1.7,1.6,1.8,1.5,1.5,1.6,1.6,1.6,1.6,1.5,1.5,1.6,1.7,1.7,1.8,1.7,1.6,1.9,1.7,1.9,1.8,1.9,1.9,1.8,1.9,2,1.5,1.7,1.8,1.7,1.7,1.8,1.7,1.5,1.7,1.7,1.6,1.8,1.7,1.7,1.7,1.7,1.6,1.8,1.8,1.8,1.7,1.5,1.6,1.4,1.4,1.4,1.4,1.4,1.7,1.7,1.8,1.8,1.8,1.8,1.8,1.7,1.9,1.9,1.9,1.6,1.6,1.4,1.9,1.7,1.7,1.8,1.8,1.8,1.5,1.9,1.5,1.8,2,1.7,1.7,1.7,1.9,1.9,1.7,1.6,1.7,1.6,1.7,1.9,1.8,1.8,1.9,1.7,1.7,1.7,1.6,1.6,1.6,1.6,1.7,1.4,1.6,1.9,1.9,2.1,1.9,1.7,1.6,1.6,1.6,1.7,1.8,1.8,1.9,1.9,1.8,1.6,1.8,1.7,1.5,1.6,1.8,1.5,1.7,1.7,1.7,1.7,1.7,1.8,1.7,1.8,1.9,1.9,1.9,1.9,2,2,1.8,1.8,1.9,1.8,1.5,1.6,1.7,1.9,1.6,1.6,1.9,1.9,2,1.9,1.6,1.7,1.6,1.8,1.8,1.9,1.8,1.4,1.5,1.4,1.4,1.4,1.4,1.4,1.7,1.8,1.9,2.2,1.7,1.8,1.8,1.8,1.9,1.8,1.8,1.8,1.8,1.7,1.7,1.8,1.7,1.8,1.8,2,1.8,1.5,1.5,1.7,1.8,1.7,1.7,1.8,1.5,1.5,1.7,1.6,1.5,1.7,1.4,1.8,1.6,1.6,1.6,1.6,1.7,1.6,1.8,1.8,1.8,1.6,1.9,1.9,1.9,1.6,1.6,1.6,1.7,1.8,1.6,1.7,1.6,1.7,1.8,1.8,1.8,1.8,1.7,1.7,1.8,1.7,1.6,1.5,1.8,1.7,1.9,1.9,1.8,1.8,1.6,1.8,1.7,1.6,1.7,1.7,1.7,1.7,1.8,1.8,1.9,1.8,1.9,1.7,1.6,1.8,1.7,1.9,1.7,1.8,1.7,1.7,1.6,1.6,1.6,1.3,1.6,1.6,1.6,1.6,1.7,1.8,1.7,1.6,1.3,1.4,1.7,1.5,1.6,1.7,1.3,1.6,1.6,1.3,1.8,1.7,1.8,1.7,1.7,1.9,1.7,1.6,1.7,1.6,1.7,1.6,1.5,1.9,2,2,1.8,1.8,1.9,1.9,1.7,1.7,1.7,1.6,1.7,1.7,1.8,1.8,1.7,1.7,1.6,1.5,1.7,1.6,1.5,1.6,1.6,1.8,1.8,1.6,1.6,1.6,1.8,1.7,1.7,1.7,1.7,2,1.7,1.7,1.8,1.7,1.8,1.2,1.8,1.7,1.6,1.6,1.7,1.7,1.7,1.7,1.7,1.7,1.8,1.7,1.7,1.4,1.8,1.6,1.7,1.6,1.5,1.8,1.9,2,1.7,1.7,1.7,1.6,1.8,1.8,1.7,1.7,1.7,1.7,1.7,1.5,1.8,1.9,1.9,1.7,1.8,1.6,1.6,1.8,1.6,1.7,1.8,1.7,1.8,1.8,1.6,1.6,1.5,2,1.7,1.4,1.7,1.8,1.7,1.7,1.5,1.5,1.5,1.6,1.6,1.5,1.5,1.6,1.6,1.7,1.7,2,2.1,1.6,1.6,1.8,1.7,1.8,1.7,1.6,1.4,2.1,1.9,1.8,2,1.8,1.8,1.7,1.8,1.9,1.7,1.7,1.8,1.7,1.6,1.5,1.5,1.3,1.6,1.7,1.5,1.7,1.7,1.7,1.8,1.6,1.6,1.7,1.6,1.6,1.7,1.7,1.8,1.8,1.8,1.7,1.7,1.7,1.8,1.9,1.9,1.9,1.8,1.6,1.6,1.7,1.6,1.7,1.6,1.7,1.9,1.7,1.7,1.7,2,1.7,1.4,1.5,1.7,1.8,1.6,1.5,1.6,1.6
Nagaland,NER,2.2,2.2,2.2,2.3,2.3,2.3,2.1,2.4,2.1,2.1,2,2.2,2.1,2.2,2.2,2.2,2.3,2.2,2.2,2.3,2.4,2.2,2.2,2.1,2.2,2.3,2,1.9,1.9,2.1,2,2,2,2.1,2,2.4,2,2,2,2.3,2.1,2.3,2.1,2.2,2.1,2.2,2.2,2.2,2.2,2.2,2,2.1,2.2,2.1,2.2,2.5,2.3,2.4,2.2,2.1,2.1,2.1,2.2,2.3,2.3,2.4,2.4,2.2,2.1,2.1,2,2,2.1,2,1.8,1.9,1.8,2.1,2.1,2.2,2.2,2.2,2.2,2.1,2.7,2.7,2.1,2.2,2.1,2.3,1.8,2.1,2.1,2.1,2,2.1,2.2,2.1,2.4,2.5,2.5,2.3,2.2,2.2,2.2,2.1,2.2,2.3,2.2,2.2,2.2,2.1,2.1,2.2,2.2,2.3,2.3,2.3,2.1,2,2,2,2.1,2.1,2.2,2.4,2.2,2,2.2,2.3,2.2,2.3,2.3,2.1,2.2,2,2.1,2.1,2.1,2.2,2.2,2.1,2,2.1,2.1,2.1,2,2.1,2.2,2.1,2.1,2.1,2.1,2.4,2.1,2.1,2.2,2.2,2.1,2.2,2.2,2.1,2.1,2.3,2.2,2.4,2.4,2.2,2.3,2.1,2.1,2.5,2.5,2.3,2.3,2.4,2.4,2.5,2.6,2.7,2.5,2.4,2,2.1,1.4,2,1.8,1.8,1.8,2.3,2.1,2.1,2.3,2.1,2.1,2.1,2.1,2.2,2.2,2.1,2,2,2.1,2.2,2.2,2.1,2.2,2.2,2.1,1.9,2.3,2.3,2.2,2.3,2.2,2.1,2.4,2.2,2.1,2.1,2.2,2.3,2.3,2.1,2.3,2.3,2.2,2.1,2.1,2.1,2.2,2.1,2.1,2.2,2,2.2,2.2,2.1,2.1,2.1,2.3,2.4,2.2,2.2,2.1,2.1,2.2,2.2,2.1,2.1,2.2,2.1,2.3,2.3,2.1,2.5,2.3,2.3,2,2.1,2.1,2.1,2.1,2.2,2.1,2.1,2.3,2.2,2.2,1.8,1.9,1.9,2.1,2.1,2.2,2.1,2.2,2.1,2.1,1.8,1.9,2.2,1.9,2.1,2,2,2.2,2.1,2.1,2.2,2.3,2.3,2.2,2.4,2.4,2.2,2.3,2.2,2.2,2.2,2.3,2.3,2.2,1.7,1.9,2,2,2.2,2.1,2.1,2.2,2.1,2.2,2.1,2.2,1.9,2.1,2.1,2.1,2,2.2,2,2.1,2.1,2.2,2.1,2.1,2,2.3,2.2,2.2,2.1,2.2,2.1,2.3,2.2,2.3,2.1,2.1,2.2,2.1,2.4,2.3,2.3,2.2,2.3,2.2,2.3,2.3,2.1,2.1,2.2,2.2,2.1,2.1,2.1,2.1,2.1,2.2,2.2,2.3,2.5,2.2,2.1,2,2.4,2.1,2.2,2.2,2.1,2.3,2.3,2.2,2.2,2.3,2.2,2.1,2,2,2,2.2,2.3,2.2,2.1,2.3,2.1,2.1,2.2,2.2,1.9,2.1,2,2.1,2,2.1,2.2,2.3,2.1,2,2,2.3,2.3,2.1,2.3,2,2.2,2.2,2.2,2.3,2.2,2.4,2.3,2.2,2,2.1,2.3,2.3,2.2,2.2,2.1,2.1,2,2.1,2.2,2.1,2.1,2.3,2.3,2.1,2,2.2,2.2,2,2.1,2.2,2,1.9,1.9,1.9,1.8,2.1,2.2,2.2,2.1,2.2,2.1,2.1,2.1,2.1,2.1,2.2,2.1,2.1,2.3,2.1,2.1,2,2.1,2,2.1,2.2,2.3,2.3,2.4,2.3,2.1,2.2,2.2,2.2,2.2,2.2,2.2,2.2,2.2,2.2,2,2.4,2.2,2.5,2.3,2.3,2.2,2.1,2.2,2.2,2.1,2.2,2.2,2.2,2.3,2.2,2.6,2.5,2.2,2,2.1,1.9,1.9,2,2.1,2,2,2.1
Tripura,NER,3.4,3.6,3.5,3.5,3.3,3.3,3.3,4.2,4.3,4.3,4.6,4.8,5,4.8,5.8,4.2,4.3,4.8,5.5,5.4,4.9,5.5,4.5,4.9,5.4,4.1,2.4,3.4,3.4,3.9,3.9,3.8,3.6,2.6,3.1,4.2,4.2,4,3.8,4.1,4.1,4.1,3.9,3.6,3.7,3.7,3.8,4.3,3.6,5,5,5.6,5.3,4.8,3.3,4.4,3.4,3.6,4.2,3.9,3.9,4,3.6,5.1,5.6,5.3,5.4,6,4.7,4.7,2.8,3.4,3.4,3.4,3.1,3.7,4.5,3.5,3.4,3.6,3.6,3.9,3.4,3.4,3.9,3.8,3.8,3.9,4.1,4.2,3.8,3.7,2.9,3.5,2.8,3.4,3.7,3.1,5.7,5.4,5.1,6.6,5.5,5.4,5.5,3.6,3.5,3.3,3.4,3.5,3.4,3.4,3.3,3.5,3.7,3.8,3.3,3.5,3.4,4.7,4.2,4.3,4.5,4.4,4.7,4.1,5.6,4.8,4.9,4.7,5,4.6,4.8,4.3,5.3,5.6,5.4,5.1,5.1,4.5,3.1,3.5,3.6,3.5,3.2,3.1,3.6,5,4.7,3.8,4.1,3.9,3.7,4.1,3.9,3.8,3.9,3.7,3.8,3.4,3.1,4.4,5.1,5.2,4.7,3.6,3.6,5.2,3.5,3.5,4.5,3.4,3.5,3.4,3.3,4.9,5,5.3,5.3,5.1,4.4,4.6,3.3,3.4,3.5,3.3,2.9,2.9,2.9,3.5,3.5,3.5,4,3.6,3.6,3.3,3.9,3.9,3.9,3.8,3.8,4,3.9,3.9,4,3.8,3.8,3.6,3.9,3.9,5,5.7,5.8,5.4,5.4,5.1,5.3,4.6,5.5,4.1,3.7,3.7,4.1,4.7,3.4,3.5,3.5,3.2,3.4,3.4,3.2,3.4,3.5,3.5,3.6,3.4,3.5,3.5,5.9,5.3,5.2,5.8,5,5.1,4.8,3.9,3.8,3.8,3.8,3.9,3.8,3.9,4.2,5.3,5,4.7,5,6.2,3.7,4.6,4.2,4.5,4.4,3.6,4.3,4.5,4.8,4.6,4.8,4.9,4.6,4.9,3.9,3.8,3.9,4.1,4.2,4.1,4,4.6,4,4.2,4.4,4.4,4.2,4,3.5,3.7,3.8,3.7,3.6,3.5,3.4,5.5,4.7,5.4,4.7,4.5,4.8,4.5,3.1,4,4.3,3.4,3.2,3.2,2.4,4.3,3.6,4,4.1,4,3.8,3.5,3.6,4,3.8,3.9,3.9,4.3,4,4.3,3.4,3.8,3.9,3.9,3.8,3.3,4.8,5.8,6.2,5.1,5.4,5,5.1,4.7,4.2,4.5,4.6,4.1,4.2,4.2,3.4,3.6,3.5,3.6,3.8,3.6,3.4,3.4,3.4,3.4,3.2,3.3,3.4,3.4,4.9,4.9,5,4.8,4.7,4.8,4.8,3.9,3.4,3.5,3.8,4,3.9,3.9,4.5,4.6,4.6,4.5,3.6,4.1,4.1,3.2,3,3,3.6,4.7,4.7,3.9,3.8,4.5,4.2,3.8,4.1,4.4,4.3,3.5,3.4,3.6,4.1,4.2,4,3.8,4.6,4.9,4.5,4.9,5.1,5.1,4.4,3.3,3.5,3.9,3.4,4.1,3.6,3.5,5.6,5.2,4.3,4.5,4.6,4.6,4.5,3.4,4,4,4.5,3.4,3.8,3.9,4.1,4,4.1,4.2,3.8,3.4,2.8,3.4,3.2,3.2,3.4,3.3,3.2,3.2,3.6,3.7,3.9,3.8,3.7,3.8,3.8,4,4.5,5.3,5.1,5,4.9,4.6,3.9,3.6,3.4,3.3,1.4,3.3,4.6,3.4,3.5,3.1,3.6,3.7,3.4,3.4,2.6,3.4,3.3,3.4,3.9,3.7,3.5,4.7,5,5.2,5.2,5.2,4.9,4.8,3.5,3.4,3.5,3.5,3.6,3.6,3.4,5.3,4.8,5,5.1,5.6,5.2,4.3,2.6,2.4,2.4,3.3,3.6,3.3,3.3
